"prompt_id","board_path","panel_id","title","disposition","visual_status","behavior_status","integration_status","evidence","blocker"
"P01","design/01_Main/BOARDS/00_LOCKED_ORIGINALS/01_Dang_nhap_va_Xac_nhan_phien_ORIGINAL.jpg","P01.S01","Đăng nhập","ORIGINAL","IN_PROGRESS","PASS","BLOCKED","handoff/P01/REVISION_03.md; handoff/P01/evidence/revision-03; tests/auth-session-visual-contract.test.mjs; handoff/P01/REVISION_05_STABILITY.md; handoff/P01/evidence/revision-05-stability; handoff/P07/REVISION_02.md; handoff/P07/evidence/revision-02/surfaces/results.json; handoff/system-audit-2026-09-28/REPORT.md; handoff/system-audit-2026-09-28/SUMMARY.json; handoff/dialog-sync-2026-09-28/REPORT.md; handoff/dialog-sync-2026-09-28/root/verified-02/results.json; handoff/readable-content-2026-09-28/REPORT.md; handoff/readable-content-2026-09-28/SUMMARY.json; handoff/P14/REPORT.md; handoff/P14/evidence/revision-01/browser-results.json; handoff/P14/REVISION_05.md","Visual FAIL: hero/logo/font/texture chưa khớp; đã sửa bố cục icon và tăng độ đậm màu/nét; integration BLOCKED; keyboard thật NOT_RUN 2026-09-28 authorized P01–P10 dialog synchronization applied and fixture-tested; new visuals pending user review, prior baseline acceptance remains historical. Production limitations unchanged. HN-readable-content-v1 applied and fixture-tested; existing visual/integration status retained. P14 navigation dependency implemented and fixture-verified2026-09-29; production recovery/shift still blocked."
"P01","design/01_Main/BOARDS/00_LOCKED_ORIGINALS/01_Dang_nhap_va_Xac_nhan_phien_ORIGINAL.jpg","P01.S02","Xác nhận phiên làm việc","ORIGINAL","IN_PROGRESS","PASS","BLOCKED","handoff/P01/REVISION_03.md; handoff/P01/evidence/revision-03; tests/auth-session-visual-contract.test.mjs; handoff/P01/REVISION_05_STABILITY.md; handoff/P01/evidence/revision-05-stability; handoff/P01/P02_DEPENDENCY_UPDATE.md; handoff/P02/evidence/browser-results.json; handoff/P07/REVISION_02.md; handoff/P07/evidence/revision-02/surfaces/results.json; handoff/system-audit-2026-09-28/REPORT.md; handoff/system-audit-2026-09-28/SUMMARY.json; handoff/dialog-sync-2026-09-28/REPORT.md; handoff/dialog-sync-2026-09-28/root/verified-02/results.json; handoff/P02/REVISION_07_SHIFT.md; handoff/P02/evidence/revision-07-shift/results.json; handoff/readable-content-2026-09-28/REPORT.md; handoff/readable-content-2026-09-28/SUMMARY.json","Visual FAIL: hero/logo/font/texture chưa khớp; đã sửa bố cục icon và tăng độ đậm màu/nét; dependency Home đã nối prototype; integration backend BLOCKED; keyboard thật NOT_RUN 2026-09-28 authorized P01–P10 dialog synchronization applied and fixture-tested; new visuals pending user review, prior baseline acceptance remains historical. Production limitations unchanged. HN-readable-content-v1 applied and fixture-tested; existing visual/integration status retained."
"P02","design/01_Main/BOARDS/00_LOCKED_ORIGINALS/02_Trang_chu_ORIGINAL.jpg","P02.S01","Trang chủ đã khóa","ORIGINAL","IN_PROGRESS","PASS","BLOCKED","handoff/P08/REVISION_20.md; handoff/P08/evidence/revision-20/system-icon-results.json; handoff/P02/evidence/revision-05-names/results.json; handoff/P02/REVISION_04_NAMES.md; handoff/P02/evidence/revision-04-names/results.json; handoff/P02/REPORT.md; handoff/P02/evidence/browser-results.json; handoff/P02/evidence/comparison-S01.png; tests/home.test.mjs; handoff/P02/P03_DEPENDENCY_UPDATE.md; handoff/P03/evidence/home-regression/browser-results.json; handoff/P04/REPORT.md; handoff/P04/evidence/home-regression/browser-results.json; handoff/P04/REVISION_04.md; handoff/P05/REPORT.md; handoff/P05/evidence/home-regression/browser-results.json; handoff/P05/REVISION_02.md; handoff/P05/evidence/revision-02/browser-results.json; handoff/P06/REPORT.md; handoff/P06/evidence/home-regression/browser-results.json; handoff/P06/REVISION_02.md; handoff/P06/evidence/revision-02/after-results.json; handoff/P07/REPORT.md; handoff/P07/evidence/home-regression/browser-results.json; handoff/P07/evidence/browser-results.json; handoff/P07/REVISION_02.md; handoff/P07/evidence/revision-02/surfaces/results.json; handoff/stability-2026-09-28/REPORT.md; handoff/system-audit-2026-09-28/REPORT.md; handoff/system-audit-2026-09-28/SUMMARY.json; handoff/P10/evidence/revision-01/home-regression/browser-results.json; handoff/P10/evidence/revision-03/home/browser-results.json; handoff/dialog-sync-2026-09-28/REPORT.md; handoff/dialog-sync-2026-09-28/root/verified-02/results.json; handoff/P02/REVISION_06_CLOCK.md; handoff/P02/evidence/revision-06-clock/results.json; handoff/P02/REVISION_07_SHIFT.md; handoff/P02/evidence/revision-07-shift/results.json; handoff/P02/REVISION_08_FOOTER_LOCK.md; handoff/P02/REVISION_09_LINKS.md; handoff/readable-content-2026-09-28/REPORT.md; handoff/readable-content-2026-09-28/SUMMARY.json; handoff/P13/evidence/revision-01/browser-results.json; handoff/P02/REVISION_10_KPI_ROUTES.md; handoff/P02/REVISION_11_LAYOUT.md; handoff/P13/REVISION_04.md; handoff/P13/evidence/revision-04/count-browser-results.json; handoff/P02/REVISION_14_RECENT.md; handoff/P02/REVISION_15_UX.md; handoff/P02/REVISION_16_AUDIT.md; handoff/P02/evidence/revision-16-audit/results.json","Revision03: tools outside app and full Home fitted; repository photo/icons present; exact B02 hero/logo/font/texture unverified. Navigation contracts PASS fixture; target modules/API/permission mapping pending. P04 new inbound route connected in prototype; PN-0001 resume context preserved at pending boundary; backend remains blocked. P05 new outbound connected in prototype; PX-0004 existing-document context stays pending. P06 lookup now connected in prototype with item context; real backend remains blocked. Home P07 route implemented; P03 retains four existing operations and modal focus verified over P07. P10 profile now mounted, avatar/nav route verified; production profile pending. 2026-09-28 authorized P01–P10 dialog synchronization applied and fixture-tested; new visuals pending user review, prior baseline acceptance remains historical. Production limitations unchanged. HN-readable-content-v1 applied and fixture-tested; existing visual/integration status retained. P13 Home bell edge and shared unread store connected/tested in prototype r01; production notifications blocked. P13-r04 capped badge/tab presentation tested up to1000 source items; visual review pending; production unchanged. P02-r16 repairs live focus, warehouse status paint, UNKNOWN readability, View all hit target, long code wrapping and text contrast; fixture behavior verified, visual user review pending."
"P03","design/01_Main/BOARDS/01_UPDATED_BOARDS/01_dialog_header_aligned_v2.png","P03.S01","Chọn tác vụ quét","LEGACY_ADAPTED","IN_PROGRESS","PASS","BLOCKED","handoff/P08/REVISION_20.md; handoff/P08/evidence/revision-20/system-icon-results.json; handoff/P03/REPORT.md; handoff/P03/STATE_ACCEPTANCE.csv; handoff/P03/evidence/browser-results.json; handoff/P03/evidence/comparison-S01.png; handoff/P04/REPORT.md; handoff/P04/evidence/dialog-regression/browser-results.json; handoff/P03/REVISION_02.md; handoff/P03/evidence/revision-02/browser-results.json; handoff/P03/REVISION_03.md; handoff/P03/evidence/revision-03/browser-results.json; handoff/P03/REVISION_04.md; handoff/P03/evidence/revision-04/browser-results.json; handoff/P03/REVISION_05.md; handoff/P03/evidence/revision-05/corner-checks.json; handoff/P04/REVISION_04.md; handoff/P05/REPORT.md; handoff/P05/evidence/dialog-regression/browser-results.json; handoff/P05/REVISION_02.md; handoff/P05/evidence/revision-02/browser-results.json; handoff/P06/REPORT.md; handoff/P06/evidence/dialog-regression/browser-results.json; handoff/P06/REVISION_02.md; handoff/P06/evidence/revision-02/after-results.json; handoff/P07/REPORT.md; handoff/P07/evidence/home-regression/browser-results.json; handoff/P07/evidence/browser-results.json; handoff/P07/REVISION_02.md; handoff/P07/evidence/revision-02/surfaces/results.json; handoff/P03/REVISION_06.md; handoff/P03/evidence/revision-06/final/browser-results.json; handoff/P03/REVISION_07.md; handoff/P03/evidence/revision-07/live-checks.json; handoff/P03/REVISION_08.md; handoff/P03/evidence/revision-08/frame-results.json; handoff/system-audit-2026-09-28/REPORT.md; handoff/system-audit-2026-09-28/SUMMARY.json; handoff/P06/flow-audit-2026-09-28/REPORT.md; handoff/P10/evidence/revision-01/dialog-regression/browser-results.json; handoff/P10/evidence/revision-03/dialogs/browser-results.json; handoff/dialog-sync-2026-09-28/REPORT.md; handoff/dialog-sync-2026-09-28/root/verified-02/results.json; handoff/readable-content-2026-09-28/REPORT.md; handoff/readable-content-2026-09-28/SUMMARY.json","Revision04 footer DOM/CSS parity with locked Home P02 verified; overall font/texture visual review and real integration pending. P05 new outbound connected in prototype; PX-0004 existing-document context stays pending. P06 lookup now connected in prototype with item context; real backend remains blocked. Home P07 route implemented; P03 retains four existing operations and modal focus verified over P07. Revision06: backdrop never dismisses; explicit footer navigation preserves data and blocks while saving; full visual/backend limitations remain. 2026-09-28 authorized P01–P10 dialog synchronization applied and fixture-tested; new visuals pending user review, prior baseline acceptance remains historical. Production limitations unchanged. HN-readable-content-v1 applied and fixture-tested; existing visual/integration status retained."
"P03","design/01_Main/BOARDS/01_UPDATED_BOARDS/01_dialog_header_aligned_v2.png","P03.S02","Phiếu chưa hoàn tất","LEGACY_ADAPTED","IN_PROGRESS","PASS","BLOCKED","handoff/P03/REPORT.md; handoff/P03/STATE_ACCEPTANCE.csv; handoff/P03/evidence/browser-results.json; handoff/P03/evidence/comparison-S02.png; handoff/P04/REPORT.md; handoff/P04/evidence/dialog-regression/browser-results.json; handoff/P03/REVISION_02.md; handoff/P03/evidence/revision-02/browser-results.json; handoff/P03/REVISION_03.md; handoff/P03/evidence/revision-03/browser-results.json; handoff/P03/REVISION_04.md; handoff/P03/evidence/revision-04/browser-results.json; handoff/P03/REVISION_05.md; handoff/P03/evidence/revision-05/corner-checks.json; handoff/P04/REVISION_04.md; handoff/P07/REVISION_02.md; handoff/P07/evidence/revision-02/surfaces/results.json; handoff/P03/REVISION_06.md; handoff/P03/evidence/revision-06/final/browser-results.json; handoff/P03/REVISION_08.md; handoff/P03/evidence/revision-08/frame-results.json; handoff/system-audit-2026-09-28/REPORT.md; handoff/system-audit-2026-09-28/SUMMARY.json; handoff/P06/flow-audit-2026-09-28/REPORT.md; handoff/dialog-sync-2026-09-28/REPORT.md; handoff/dialog-sync-2026-09-28/root/verified-02/results.json; handoff/readable-content-2026-09-28/REPORT.md; handoff/readable-content-2026-09-28/SUMMARY.json","Revision04 footer DOM/CSS parity with locked Home P02 verified; overall font/texture visual review and real integration pending. Revision06: backdrop never dismisses; explicit footer navigation preserves data and blocks while saving; full visual/backend limitations remain. 2026-09-28 authorized P01–P10 dialog synchronization applied and fixture-tested; new visuals pending user review, prior baseline acceptance remains historical. Production limitations unchanged. HN-readable-content-v1 applied and fixture-tested; existing visual/integration status retained."
"P03","design/01_Main/BOARDS/01_UPDATED_BOARDS/01_dialog_header_aligned_v2.png","P03.S03","Kho tạm dừng","LEGACY_ADAPTED","IN_PROGRESS","PASS","BLOCKED","handoff/P03/REPORT.md; handoff/P03/STATE_ACCEPTANCE.csv; handoff/P03/evidence/browser-results.json; handoff/P03/evidence/comparison-S03.png; handoff/P04/REPORT.md; handoff/P04/evidence/dialog-regression/browser-results.json; handoff/P03/REVISION_02.md; handoff/P03/evidence/revision-02/browser-results.json; handoff/P03/REVISION_03.md; handoff/P03/evidence/revision-03/browser-results.json; handoff/P03/REVISION_04.md; handoff/P03/evidence/revision-04/browser-results.json; handoff/P03/REVISION_05.md; handoff/P03/evidence/revision-05/corner-checks.json; handoff/P04/REVISION_04.md; handoff/P07/REVISION_02.md; handoff/P07/evidence/revision-02/surfaces/results.json; handoff/P03/REVISION_06.md; handoff/P03/evidence/revision-06/final/browser-results.json; handoff/P03/REVISION_08.md; handoff/P03/evidence/revision-08/frame-results.json; handoff/system-audit-2026-09-28/REPORT.md; handoff/system-audit-2026-09-28/SUMMARY.json; handoff/P06/flow-audit-2026-09-28/REPORT.md; handoff/dialog-sync-2026-09-28/REPORT.md; handoff/dialog-sync-2026-09-28/root/verified-02/results.json; handoff/readable-content-2026-09-28/REPORT.md; handoff/readable-content-2026-09-28/SUMMARY.json","Revision04 footer DOM/CSS parity with locked Home P02 verified; overall font/texture visual review and real integration pending. Revision06: backdrop never dismisses; explicit footer navigation preserves data and blocks while saving; full visual/backend limitations remain. 2026-09-28 authorized P01–P10 dialog synchronization applied and fixture-tested; new visuals pending user review, prior baseline acceptance remains historical. Production limitations unchanged. HN-readable-content-v1 applied and fixture-tested; existing visual/integration status retained."
"P03","design/01_Main/BOARDS/01_UPDATED_BOARDS/01_dialog_header_aligned_v2.png","P03.S04","Xác nhận bỏ phiếu","LEGACY_ADAPTED","IN_PROGRESS","PASS","BLOCKED","handoff/P03/REPORT.md; handoff/P03/STATE_ACCEPTANCE.csv; handoff/P03/evidence/browser-results.json; handoff/P03/evidence/comparison-S04.png; handoff/P04/REPORT.md; handoff/P04/evidence/dialog-regression/browser-results.json; handoff/P03/REVISION_02.md; handoff/P03/evidence/revision-02/browser-results.json; handoff/P03/REVISION_03.md; handoff/P03/evidence/revision-03/browser-results.json; handoff/P03/REVISION_04.md; handoff/P03/evidence/revision-04/browser-results.json; handoff/P03/REVISION_05.md; handoff/P03/evidence/revision-05/corner-checks.json; handoff/P04/REVISION_04.md; handoff/P07/REVISION_02.md; handoff/P07/evidence/revision-02/surfaces/results.json; handoff/P03/REVISION_06.md; handoff/P03/evidence/revision-06/final/browser-results.json; handoff/P03/REVISION_08.md; handoff/P03/evidence/revision-08/frame-results.json; handoff/system-audit-2026-09-28/REPORT.md; handoff/system-audit-2026-09-28/SUMMARY.json; handoff/P06/flow-audit-2026-09-28/REPORT.md; handoff/dialog-sync-2026-09-28/REPORT.md; handoff/dialog-sync-2026-09-28/root/verified-02/results.json; handoff/readable-content-2026-09-28/REPORT.md; handoff/readable-content-2026-09-28/SUMMARY.json","Revision04 footer DOM/CSS parity with locked Home P02 verified; overall font/texture visual review and real integration pending. Revision06: backdrop never dismisses; explicit footer navigation preserves data and blocks while saving; full visual/backend limitations remain. 2026-09-28 authorized P01–P10 dialog synchronization applied and fixture-tested; new visuals pending user review, prior baseline acceptance remains historical. Production limitations unchanged. HN-readable-content-v1 applied and fixture-tested; existing visual/integration status retained."
"P04","design/01_Main/BOARDS/01_UPDATED_BOARDS/02_nhap_kho.png","P04.S01","Thông tin phiếu nhập","LEGACY_ADAPTED","IN_PROGRESS","PASS","BLOCKED","handoff/P04/REPORT.md; handoff/P04/STATE_ACCEPTANCE.csv; handoff/P04/evidence/comparison-S01.png; handoff/P04/evidence/browser-results.json; handoff/P04/REVISION_02.md; handoff/P04/evidence/revision-02/browser-results.json; handoff/P04/REVISION_03.md; handoff/P04/REVISION_04.md; handoff/P07/REVISION_02.md; handoff/P07/evidence/revision-02/surfaces/results.json; handoff/P04/REVISION_05.md; handoff/P04/REVISION_06.md; handoff/P04/REVISION_07.md; handoff/dialog-sync-2026-09-28/REPORT.md; handoff/dialog-sync-2026-09-28/p04-p05/REPORT.md; handoff/readable-content-2026-09-28/REPORT.md; handoff/readable-content-2026-09-28/SUMMARY.json; handoff/P12/REVISION_09.md; handoff/P12/evidence/revision-09/guidance-results.json; handoff/P04/REVISION_08.md; handoff/P14/REVISION_05.md; handoff/P04/REVISION_09.md","Exact B04 font/camera/box imagery missing; production metadata/record/status/catalog/hardware and P12/P17 resume integration pending. Fixture only, no Post. 2026-09-28 authorized P01–P10 dialog synchronization applied and fixture-tested; new visuals pending user review, prior baseline acceptance remains historical. Production limitations unchanged. HN-readable-content-v1 applied and fixture-tested; existing visual/integration status retained. r09 shared progress/review totals or supplier/draft UX applied by user request; scoped checks PASS, new visual review pending."
"P04","design/01_Main/BOARDS/01_UPDATED_BOARDS/02_nhap_kho.png","P04.S02","Quét hàng nhập","LEGACY_ADAPTED","IN_PROGRESS","PASS","BLOCKED","handoff/P04/REPORT.md; handoff/P04/STATE_ACCEPTANCE.csv; handoff/P04/evidence/comparison-S02.png; handoff/P04/evidence/browser-results.json; handoff/P04/REVISION_02.md; handoff/P04/evidence/revision-02/browser-results.json; handoff/P04/REVISION_03.md; handoff/P04/REVISION_04.md; handoff/P07/REVISION_02.md; handoff/P07/evidence/revision-02/surfaces/results.json; handoff/P04/REVISION_05.md; handoff/P04/REVISION_06.md; handoff/P04/REVISION_07.md; handoff/dialog-sync-2026-09-28/REPORT.md; handoff/dialog-sync-2026-09-28/p04-p05/REPORT.md; handoff/readable-content-2026-09-28/REPORT.md; handoff/readable-content-2026-09-28/SUMMARY.json; handoff/P12/REVISION_09.md; handoff/P12/evidence/revision-09/guidance-results.json; handoff/P04/REVISION_08.md; handoff/P02/REVISION_15_UX.md; handoff/P04/REVISION_09.md","Exact B04 font/camera/box imagery missing; production metadata/record/status/catalog/hardware and P12/P17 resume integration pending. Fixture only, no Post. 2026-09-28 authorized P01–P10 dialog synchronization applied and fixture-tested; new visuals pending user review, prior baseline acceptance remains historical. Production limitations unchanged. HN-readable-content-v1 applied and fixture-tested; existing visual/integration status retained. r09 shared progress/review totals or supplier/draft UX applied by user request; scoped checks PASS, new visual review pending."
"P04","design/01_Main/BOARDS/01_UPDATED_BOARDS/02_nhap_kho.png","P04.S03","Kiểm tra phiếu","MIGRATED","IN_PROGRESS","PASS","BLOCKED","handoff/P08/REVISION_20.md; handoff/P08/evidence/revision-20/system-icon-results.json; handoff/P04/REPORT.md; handoff/P04/STATE_ACCEPTANCE.csv; handoff/P04/evidence/comparison-S03.png; handoff/P04/evidence/browser-results.json; handoff/P04/REVISION_02.md; handoff/P04/evidence/revision-02/browser-results.json; handoff/P04/REVISION_03.md; handoff/P04/REVISION_04.md; handoff/P07/REVISION_02.md; handoff/P07/evidence/revision-02/surfaces/results.json; handoff/P04/REVISION_05.md; handoff/P04/REVISION_06.md; handoff/P04/REVISION_07.md; handoff/dialog-sync-2026-09-28/REPORT.md; handoff/dialog-sync-2026-09-28/p04-p05/REPORT.md; handoff/readable-content-2026-09-28/REPORT.md; handoff/readable-content-2026-09-28/SUMMARY.json; handoff/P12/REVISION_09.md; handoff/P12/evidence/revision-09/guidance-results.json; handoff/P04/REVISION_08.md; handoff/P04/REVISION_09.md","Exact B04 font/camera/box imagery missing; production metadata/record/status/catalog/hardware and P12/P17 resume integration pending. Fixture only, no Post. 2026-09-28 authorized P01–P10 dialog synchronization applied and fixture-tested; new visuals pending user review, prior baseline acceptance remains historical. Production limitations unchanged. HN-readable-content-v1 applied and fixture-tested; existing visual/integration status retained. r09 shared progress/review totals or supplier/draft UX applied by user request; scoped checks PASS, new visual review pending."
"P04","design/01_Main/BOARDS/01_UPDATED_BOARDS/02_nhap_kho.png","P04.S04","Đã gửi phiếu nhập — chờ Web","MIGRATED","IN_PROGRESS","PASS","BLOCKED","handoff/P08/REVISION_20.md; handoff/P08/evidence/revision-20/system-icon-results.json; handoff/P04/REPORT.md; handoff/P04/STATE_ACCEPTANCE.csv; handoff/P04/evidence/comparison-S04.png; handoff/P04/evidence/browser-results.json; handoff/P04/REVISION_02.md; handoff/P04/evidence/revision-02/browser-results.json; handoff/P04/REVISION_03.md; handoff/P04/REVISION_04.md; handoff/P07/REVISION_02.md; handoff/P07/evidence/revision-02/surfaces/results.json; handoff/P04/REVISION_05.md; handoff/P04/REVISION_06.md; handoff/P04/REVISION_07.md; handoff/dialog-sync-2026-09-28/REPORT.md; handoff/dialog-sync-2026-09-28/p04-p05/REPORT.md; handoff/P12/REPORT.md; handoff/P12/evidence/revision-01/browser-results.json; handoff/readable-content-2026-09-28/REPORT.md; handoff/readable-content-2026-09-28/SUMMARY.json; handoff/P04/REVISION_08.md; handoff/P04/REVISION_09.md","Exact B04 font/camera/box imagery missing; production metadata/record/status/catalog/hardware and P12/P17 resume integration pending. Fixture only, no Post. 2026-09-28 authorized P01–P10 dialog synchronization applied and fixture-tested; new visuals pending user review, prior baseline acceptance remains historical. Production limitations unchanged. P12-r01: verified preview record receipt now opens exact documentId in P12; Back preserves result. Production P12 remains blocked. HN-readable-content-v1 applied and fixture-tested; existing visual/integration status retained."
"P05","design/01_Main/BOARDS/01_UPDATED_BOARDS/03_xuat_kho.png","P05.S01","Thông tin phiếu xuất","LEGACY_ADAPTED","IN_PROGRESS","PASS","BLOCKED","handoff/P08/REVISION_11.md; handoff/P08/evidence/revision-11/browser-results.json; handoff/P05/REPORT.md; handoff/P05/STATE_ACCEPTANCE.csv; handoff/P05/evidence/comparison-S01.png; handoff/P05/evidence/browser-results.json; tests/outbound.test.mjs; handoff/P05/REVISION_02.md; handoff/P05/evidence/revision-02/browser-results.json; handoff/P06/CONTEXT.md (user temporarily accepted P05, 2026-09-25); handoff/P07/REVISION_02.md; handoff/P07/evidence/revision-02/surfaces/results.json; handoff/P05/REVISION_03.md; handoff/P05/evidence/revision-03/browser-results.json; handoff/P05/REVISION_05.md; handoff/P05/evidence/revision-05/metadata-results.json; handoff/P05/REVISION_06.md; handoff/P05/evidence/revision-06/select-results.json; handoff/P05/REVISION_07.md; handoff/P05/evidence/revision-07/browser-results.json; handoff/P05/REVISION_08.md; handoff/P05/evidence/revision-08/browser-results.json; handoff/P05/REVISION_09.md; handoff/P05/evidence/revision-09/final-stability/stability-results.json; handoff/dialog-sync-2026-09-28/REPORT.md; handoff/dialog-sync-2026-09-28/p04-p05/REPORT.md; handoff/readable-content-2026-09-28/REPORT.md; handoff/readable-content-2026-09-28/SUMMARY.json; handoff/P12/REVISION_09.md; handoff/P12/evidence/revision-09/guidance-results.json; handoff/P05/REVISION_10.md; handoff/P05/evidence/revision-10/upgrade-results.json; handoff/P14/REVISION_05.md; handoff/P05/REVISION_11.md; handoff/P05/evidence/revision-11/edges-final/results.json","Prototype complete; visual review pending: exact font/icons/camera/product assets differ. Production source/create/record/status/catalog/permissions/camera/P12 unavailable; fixture only. Latest user override r05: editable planned1–99/default1, fixture selects and walk-in detail per document; original fixed10 historical, B05 sample remains selectable; backend contract blocked. r07 popup no layout shift; province/district/detail uses v1 before07/2025; live geography API PASS separately, WMS blocked and visual review pending. 2026-09-28 authorized P01–P10 dialog synchronization applied and fixture-tested; new visuals pending user review, prior baseline acceptance remains historical. Production limitations unchanged. HN-readable-content-v1 applied and fixture-tested; existing visual/integration status retained. r09 shared progress/review totals or supplier/draft UX applied by user request; scoped checks PASS, new visual review pending."
"P05","design/01_Main/BOARDS/01_UPDATED_BOARDS/03_xuat_kho.png","P05.S02","Quét hàng xuất","LEGACY_ADAPTED","IN_PROGRESS","PASS","BLOCKED","handoff/P05/REPORT.md; handoff/P05/STATE_ACCEPTANCE.csv; handoff/P05/evidence/comparison-S02.png; handoff/P05/evidence/browser-results.json; tests/outbound.test.mjs; handoff/P05/REVISION_02.md; handoff/P05/evidence/revision-02/browser-results.json; handoff/P06/CONTEXT.md (user temporarily accepted P05, 2026-09-25); handoff/P07/REVISION_02.md; handoff/P07/evidence/revision-02/surfaces/results.json; handoff/P05/REVISION_03.md; handoff/P05/evidence/revision-03/browser-results.json; handoff/P05/REVISION_04.md; handoff/P05/evidence/revision-04/ux-results.json; handoff/P05/REVISION_05.md; handoff/P05/evidence/revision-05/metadata-results.json; handoff/P05/REVISION_07.md; handoff/P05/evidence/revision-07/browser-results.json; handoff/P05/REVISION_09.md; handoff/P05/evidence/revision-09/final-stability/stability-results.json; handoff/dialog-sync-2026-09-28/REPORT.md; handoff/dialog-sync-2026-09-28/p04-p05/REPORT.md; handoff/readable-content-2026-09-28/REPORT.md; handoff/readable-content-2026-09-28/SUMMARY.json; handoff/P12/REVISION_09.md; handoff/P12/evidence/revision-09/guidance-results.json; handoff/P05/REVISION_10.md; handoff/P05/evidence/revision-10/upgrade-results.json; handoff/P02/REVISION_15_UX.md; handoff/P05/REVISION_11.md; handoff/P05/evidence/revision-11/edges-final/results.json","Prototype complete; visual review pending: exact font/icons/camera/product assets differ. Production source/create/record/status/catalog/permissions/camera/P12 unavailable; fixture only. User-authorized revision04 S02 UX improvement implemented and fixture tested; new visual states pending user review, original B05 unchanged. 2026-09-28 authorized P01–P10 dialog synchronization applied and fixture-tested; new visuals pending user review, prior baseline acceptance remains historical. Production limitations unchanged. HN-readable-content-v1 applied and fixture-tested; existing visual/integration status retained. r09 shared progress/review totals or supplier/draft UX applied by user request; scoped checks PASS, new visual review pending."
"P05","design/01_Main/BOARDS/01_UPDATED_BOARDS/03_xuat_kho.png","P05.S03","Kiểm tra phiếu xuất — thiếu hàng","MIGRATED","IN_PROGRESS","PASS","BLOCKED","handoff/P08/REVISION_20.md; handoff/P08/evidence/revision-20/system-icon-results.json; handoff/P05/REPORT.md; handoff/P05/STATE_ACCEPTANCE.csv; handoff/P05/evidence/comparison-S03.png; handoff/P05/evidence/browser-results.json; tests/outbound.test.mjs; handoff/P05/REVISION_02.md; handoff/P05/evidence/revision-02/browser-results.json; handoff/P06/CONTEXT.md (user temporarily accepted P05, 2026-09-25); handoff/P07/REVISION_02.md; handoff/P07/evidence/revision-02/surfaces/results.json; handoff/P05/REVISION_03.md; handoff/P05/evidence/revision-03/browser-results.json; handoff/P05/REVISION_05.md; handoff/P05/evidence/revision-05/metadata-results.json; handoff/P05/REVISION_07.md; handoff/P05/evidence/revision-07/browser-results.json; handoff/P05/REVISION_09.md; handoff/P05/evidence/revision-09/final-stability/stability-results.json; handoff/dialog-sync-2026-09-28/REPORT.md; handoff/dialog-sync-2026-09-28/p04-p05/REPORT.md; handoff/readable-content-2026-09-28/REPORT.md; handoff/readable-content-2026-09-28/SUMMARY.json; handoff/P12/REVISION_09.md; handoff/P12/evidence/revision-09/guidance-results.json; handoff/P05/REVISION_10.md; handoff/P05/evidence/revision-10/upgrade-results.json; handoff/P05/REVISION_11.md; handoff/P05/evidence/revision-11/edges-final/results.json","Prototype complete; visual review pending: exact font/icons/camera/product assets differ. Production source/create/record/status/catalog/permissions/camera/P12 unavailable; fixture only. 2026-09-28 authorized P01–P10 dialog synchronization applied and fixture-tested; new visuals pending user review, prior baseline acceptance remains historical. Production limitations unchanged. HN-readable-content-v1 applied and fixture-tested; existing visual/integration status retained. r09 shared progress/review totals or supplier/draft UX applied by user request; scoped checks PASS, new visual review pending."
"P05","design/01_Main/BOARDS/01_UPDATED_BOARDS/03_xuat_kho.png","P05.S04","Đã gửi phiếu xuất — chờ Web","MIGRATED","IN_PROGRESS","PASS","BLOCKED","handoff/P08/REVISION_20.md; handoff/P08/evidence/revision-20/system-icon-results.json; handoff/P05/REPORT.md; handoff/P05/STATE_ACCEPTANCE.csv; handoff/P05/evidence/comparison-S04.png; handoff/P05/evidence/browser-results.json; tests/outbound.test.mjs; handoff/P05/REVISION_02.md; handoff/P05/evidence/revision-02/browser-results.json; handoff/P06/CONTEXT.md (user temporarily accepted P05, 2026-09-25); handoff/P07/REVISION_02.md; handoff/P07/evidence/revision-02/surfaces/results.json; handoff/P05/REVISION_03.md; handoff/P05/evidence/revision-03/browser-results.json; handoff/P05/REVISION_05.md; handoff/P05/evidence/revision-05/metadata-results.json; handoff/P05/REVISION_07.md; handoff/P05/evidence/revision-07/browser-results.json; handoff/P05/REVISION_09.md; handoff/P05/evidence/revision-09/final-stability/stability-results.json; handoff/dialog-sync-2026-09-28/REPORT.md; handoff/dialog-sync-2026-09-28/p04-p05/REPORT.md; handoff/P12/REPORT.md; handoff/P12/evidence/revision-01/browser-results.json; handoff/readable-content-2026-09-28/REPORT.md; handoff/readable-content-2026-09-28/SUMMARY.json; handoff/P05/REVISION_10.md; handoff/P05/evidence/revision-10/upgrade-results.json; handoff/P05/REVISION_11.md; handoff/P05/evidence/revision-11/edges-final/results.json","Prototype complete; visual review pending: exact font/icons/camera/product assets differ. Production source/create/record/status/catalog/permissions/camera/P12 unavailable; fixture only. 2026-09-28 authorized P01–P10 dialog synchronization applied and fixture-tested; new visuals pending user review, prior baseline acceptance remains historical. Production limitations unchanged. P12-r01: verified preview record receipt now opens exact documentId in P12; Back preserves result. Production P12 remains blocked. HN-readable-content-v1 applied and fixture-tested; existing visual/integration status retained."
"P06","design/01_Main/BOARDS/01_UPDATED_BOARDS/04_tra_cuu.png","P06.S01","Tra cứu sản phẩm","LEGACY_ADAPTED","IN_PROGRESS","PASS","BLOCKED","handoff/P06/REPORT.md; handoff/P06/STATE_ACCEPTANCE.csv; handoff/P06/evidence/comparison-S01.png; handoff/P06/evidence/browser-results.json; tests/lookup.test.mjs; handoff/P06/REVISION_02.md; handoff/P06/evidence/revision-02/after-results.json; handoff/P06/REVISION_03.md; handoff/P06/evidence/revision-03/demo-browser-results.json; handoff/P06/REVISION_04.md; handoff/P06/evidence/revision-04/after-metrics.json; handoff/P07/CONTEXT.md (user temporarily accepted P06 on 2026-09-26); handoff/P07/evidence/lookup-regression/browser-results.json; handoff/P07/REVISION_02.md; handoff/P07/evidence/revision-02/surfaces/results.json; handoff/P09/evidence/revision-05/lookup-regression/browser-results.json; handoff/P06/flow-audit-2026-09-28/REPORT.md; handoff/dialog-sync-2026-09-28/REPORT.md; handoff/dialog-sync-2026-09-28/p06-p07/REPORT.md; handoff/readable-content-2026-09-28/REPORT.md; handoff/readable-content-2026-09-28/SUMMARY.json; handoff/P06/ux-upgrade-2026-09-29/REPORT.md; handoff/P06/polish-2026-09-29/REPORT.md","Exact product/gallery assets missing; font/icon visual review needed. Backend catalogue/stock/events/capabilities unverified; fixture only. Advanced filter criteria not approved; search/category tested. User-authorized demo imagery/data supplied r03; official assets and real backend still pending. User temporarily accepted P06; later state synchronization allowed. P07 product selection callback regression passed; full real integration still pending. 2026-09-28 authorized P01–P10 dialog synchronization applied and fixture-tested; new visuals pending user review, prior baseline acceptance remains historical. Production limitations unchanged. HN-readable-content-v1 applied and fixture-tested; existing visual/integration status retained."
"P06","design/01_Main/BOARDS/01_UPDATED_BOARDS/04_tra_cuu.png","P06.S02","Thông tin sản phẩm","LEGACY_ADAPTED","IN_PROGRESS","PASS","BLOCKED","handoff/P06/REPORT.md; handoff/P06/STATE_ACCEPTANCE.csv; handoff/P06/evidence/comparison-S02.png; handoff/P06/evidence/browser-results.json; tests/lookup.test.mjs; handoff/P06/REVISION_02.md; handoff/P06/evidence/revision-02/after-results.json; handoff/P06/REVISION_03.md; handoff/P06/evidence/revision-03/demo-browser-results.json; handoff/P06/REVISION_04.md; handoff/P06/evidence/revision-04/after-metrics.json; handoff/P07/CONTEXT.md (user temporarily accepted P06 on 2026-09-26); handoff/P07/evidence/lookup-regression/browser-results.json; handoff/P07/REVISION_02.md; handoff/P07/evidence/revision-02/surfaces/results.json; handoff/P09/REPORT.md; handoff/P09/evidence/revision-01/lookup-regression/browser-results.json; handoff/P09/evidence/revision-05/lookup-regression/browser-results.json; handoff/P06/flow-audit-2026-09-28/REPORT.md; handoff/dialog-sync-2026-09-28/REPORT.md; handoff/dialog-sync-2026-09-28/p06-p07/REPORT.md; handoff/readable-content-2026-09-28/REPORT.md; handoff/readable-content-2026-09-28/SUMMARY.json; handoff/P06/ux-upgrade-2026-09-29/REPORT.md; handoff/P06/polish-2026-09-29/REPORT.md","Exact product/gallery assets missing; font/icon visual review needed. Backend catalogue/stock/events/capabilities unverified; fixture only. P09/P12/print/gallery source pending. User-authorized demo imagery/data supplied r03; official assets and real backend still pending. User temporarily accepted P06; later state synchronization allowed. P07 product selection callback regression passed; full real integration still pending. P09 now connects for verified serial; missing serial fails closed. Full production integration remains BLOCKED. 2026-09-28 authorized P01–P10 dialog synchronization applied and fixture-tested; new visuals pending user review, prior baseline acceptance remains historical. Production limitations unchanged. HN-readable-content-v1 applied and fixture-tested; existing visual/integration status retained."
"P06","design/01_Main/BOARDS/01_UPDATED_BOARDS/04_tra_cuu.png","P06.S03","Tồn kho sản phẩm","LEGACY_ADAPTED","IN_PROGRESS","PASS","BLOCKED","handoff/P06/REPORT.md; handoff/P06/STATE_ACCEPTANCE.csv; handoff/P06/evidence/comparison-S03.png; handoff/P06/evidence/browser-results.json; tests/lookup.test.mjs; handoff/P06/REVISION_02.md; handoff/P06/evidence/revision-02/after-results.json; handoff/P06/REVISION_03.md; handoff/P06/evidence/revision-03/demo-browser-results.json; handoff/P06/REVISION_04.md; handoff/P06/evidence/revision-04/after-metrics.json; handoff/P07/CONTEXT.md (user temporarily accepted P06 on 2026-09-26); handoff/P07/evidence/lookup-regression/browser-results.json; handoff/P07/REVISION_02.md; handoff/P07/evidence/revision-02/surfaces/results.json; handoff/P09/evidence/revision-05/lookup-regression/browser-results.json; handoff/P06/flow-audit-2026-09-28/REPORT.md; handoff/dialog-sync-2026-09-28/REPORT.md; handoff/dialog-sync-2026-09-28/p06-p07/REPORT.md; handoff/readable-content-2026-09-28/REPORT.md; handoff/readable-content-2026-09-28/SUMMARY.json; handoff/P06/ux-upgrade-2026-09-29/REPORT.md; handoff/P18/REPORT.md; handoff/P18/evidence/revision-01/browser-results.json; handoff/P18/REVISION_02.md (optional P18 draft-loss warning/caller restoration only); handoff/P06/polish-2026-09-29/REPORT.md","Exact product/gallery assets missing; font/icon visual review needed. Backend catalogue/stock/events/capabilities unverified; fixture only. User-authorized demo imagery/data supplied r03; official assets and real backend still pending. User temporarily accepted P06; later state synchronization allowed. P07 product selection callback regression passed; full real integration still pending. 2026-09-28 authorized P01–P10 dialog synchronization applied and fixture-tested; new visuals pending user review, prior baseline acceptance remains historical. Production limitations unchanged. HN-readable-content-v1 applied and fixture-tested; existing visual/integration status retained. P18 navigation dependency prototype verified2026-09-29; new entry/real file viewer visuals await review; production unchanged."
"P06","design/01_Main/BOARDS/01_UPDATED_BOARDS/04_tra_cuu.png","P06.S04","Lịch sử giao dịch","LEGACY_ADAPTED","IN_PROGRESS","PASS","BLOCKED","handoff/P08/REVISION_20.md; handoff/P08/evidence/revision-20/system-icon-results.json; handoff/P08/REVISION_10.md; handoff/P08/evidence/revision-10/browser-results.json; handoff/P06/REPORT.md; handoff/P06/STATE_ACCEPTANCE.csv; handoff/P06/evidence/comparison-S04.png; handoff/P06/evidence/browser-results.json; tests/lookup.test.mjs; handoff/P06/REVISION_02.md; handoff/P06/evidence/revision-02/after-results.json; handoff/P06/REVISION_03.md; handoff/P06/evidence/revision-03/demo-browser-results.json; handoff/P06/REVISION_04.md; handoff/P06/evidence/revision-04/after-metrics.json; handoff/P07/CONTEXT.md (user temporarily accepted P06 on 2026-09-26); handoff/P07/evidence/lookup-regression/browser-results.json; handoff/P07/REVISION_02.md; handoff/P07/evidence/revision-02/surfaces/results.json; handoff/P09/evidence/revision-05/lookup-regression/browser-results.json; handoff/P06/flow-audit-2026-09-28/REPORT.md; handoff/dialog-sync-2026-09-28/REPORT.md; handoff/dialog-sync-2026-09-28/p06-p07/REPORT.md; handoff/readable-content-2026-09-28/REPORT.md; handoff/readable-content-2026-09-28/SUMMARY.json; handoff/P06/ux-upgrade-2026-09-29/REPORT.md; handoff/P06/polish-2026-09-29/REPORT.md","Exact product/gallery assets missing; font/icon visual review needed. Backend catalogue/stock/events/capabilities unverified; fixture only. User-authorized demo imagery/data supplied r03; official assets and real backend still pending. User temporarily accepted P06; later state synchronization allowed. P07 product selection callback regression passed; full real integration still pending. 2026-09-28 authorized P01–P10 dialog synchronization applied and fixture-tested; new visuals pending user review, prior baseline acceptance remains historical. Production limitations unchanged. HN-readable-content-v1 applied and fixture-tested; existing visual/integration status retained."
"P07","design/01_Main/BOARDS/01_UPDATED_BOARDS/05_nfc.png","P07.S01","Thẻ NFC","LEGACY_ADAPTED","IN_PROGRESS","PASS","BLOCKED","handoff/P08/REVISION_20.md; handoff/P08/evidence/revision-20/system-icon-results.json; handoff/P07/REPORT.md; handoff/P07/STATE_ACCEPTANCE.csv; handoff/P07/evidence/P07-S01-494x1000.png; handoff/P07/evidence/comparison-S01.png; handoff/P07/evidence/browser-results.json; handoff/P07/evidence/node-tests.txt; handoff/P07/REVISION_02.md; handoff/P07/evidence/revision-02/surfaces/results.json; handoff/P07/REVISION_03.md; handoff/P07/evidence/revision-03/nfc/browser-results.json; handoff/P07/REVISION_04.md; handoff/P07/evidence/revision-04/repeat/results.json; handoff/P07/REVISION_05.md; handoff/P07/evidence/revision-05/after/metrics.json; handoff/P07/REVISION_06.md; handoff/P07/evidence/revision-06; handoff/P07/REVISION_08.md; handoff/P07/evidence/revision-08; handoff/P07/REVISION_11.md; handoff/P07/evidence/revision-11; handoff/dialog-sync-2026-09-28/REPORT.md; handoff/dialog-sync-2026-09-28/p06-p07/REPORT.md; handoff/readable-content-2026-09-28/REPORT.md; handoff/readable-content-2026-09-28/SUMMARY.json; handoff/P07/REVISION_12.md; handoff/P07/evidence/revision-12; handoff/P07/REVISION_13.md; handoff/P07/evidence/revision-13","Visual review pending; production list/mapping/link/capability/device/audit contracts missing; hardware NOT_RUN. Advanced filter criteria not approved; fixture search/tabs/detail PASS. User temporarily accepted P07 r10 on2026-09-27; see handoff/P08/CONTEXT.md. P08 regression evidence: handoff/P08/evidence/nfc-regression/browser-results.json; handoff/P08/evidence/nfc-motion/results.json. 2026-09-28 authorized P01–P10 dialog synchronization applied and fixture-tested; new visuals pending user review, prior baseline acceptance remains historical. Production limitations unchanged. HN-readable-content-v1 applied and fixture-tested; existing visual/integration status retained."
"P07","design/01_Main/BOARDS/01_UPDATED_BOARDS/05_nfc.png","P07.S02","Đọc thẻ NFC","LEGACY_ADAPTED","IN_PROGRESS","PASS","BLOCKED","handoff/P07/REPORT.md; handoff/P07/STATE_ACCEPTANCE.csv; handoff/P07/evidence/P07-S02-494x1000.png; handoff/P07/evidence/comparison-S02.png; handoff/P07/evidence/browser-results.json; handoff/P07/evidence/node-tests.txt; handoff/P07/REVISION_02.md; handoff/P07/evidence/revision-02/surfaces/results.json; handoff/P07/REVISION_03.md; handoff/P07/evidence/revision-03/nfc/browser-results.json; handoff/P07/REVISION_04.md; handoff/P07/evidence/revision-04/repeat/results.json; handoff/P07/REVISION_05.md; handoff/P07/evidence/revision-05/after/metrics.json; handoff/P07/REVISION_06.md; handoff/P07/evidence/revision-06; handoff/P07/REVISION_07.md; handoff/P07/evidence/revision-07; handoff/P07/REVISION_08.md; handoff/P07/evidence/revision-08; handoff/P07/REVISION_09.md; handoff/P07/evidence/revision-09; handoff/P07/REVISION_10.md; handoff/P07/evidence/revision-10; handoff/P07/REVISION_11.md; handoff/P07/evidence/revision-11; handoff/dialog-sync-2026-09-28/REPORT.md; handoff/dialog-sync-2026-09-28/p06-p07/REPORT.md; handoff/readable-content-2026-09-28/REPORT.md; handoff/readable-content-2026-09-28/SUMMARY.json; handoff/P07/REVISION_12.md; handoff/P07/evidence/revision-12; handoff/P07/REVISION_13.md; handoff/P07/evidence/revision-13","Visual review pending; production list/mapping/link/capability/device/audit contracts missing; hardware NOT_RUN. Fixture behavior PASS only. User temporarily accepted P07 r10 on2026-09-27; see handoff/P08/CONTEXT.md. P08 regression evidence: handoff/P08/evidence/nfc-regression/browser-results.json; handoff/P08/evidence/nfc-motion/results.json. 2026-09-28 authorized P01–P10 dialog synchronization applied and fixture-tested; new visuals pending user review, prior baseline acceptance remains historical. Production limitations unchanged. HN-readable-content-v1 applied and fixture-tested; existing visual/integration status retained."
"P07","design/01_Main/BOARDS/01_UPDATED_BOARDS/05_nfc.png","P07.S03","Xác minh liên kết","LEGACY_ADAPTED","IN_PROGRESS","PASS","BLOCKED","handoff/P08/REVISION_20.md; handoff/P08/evidence/revision-20/system-icon-results.json; handoff/P07/REPORT.md; handoff/P07/STATE_ACCEPTANCE.csv; handoff/P07/evidence/P07-S03-494x1000.png; handoff/P07/evidence/comparison-S03.png; handoff/P07/evidence/browser-results.json; handoff/P07/evidence/node-tests.txt; handoff/P07/REVISION_02.md; handoff/P07/evidence/revision-02/surfaces/results.json; handoff/P07/REVISION_03.md; handoff/P07/evidence/revision-03/nfc/browser-results.json; handoff/P07/REVISION_04.md; handoff/P07/evidence/revision-04/repeat/results.json; handoff/P07/REVISION_05.md; handoff/P07/evidence/revision-05/after/metrics.json; handoff/P07/REVISION_06.md; handoff/P07/evidence/revision-06; handoff/P07/REVISION_08.md; handoff/P07/evidence/revision-08; handoff/P07/REVISION_11.md; handoff/P07/evidence/revision-11; handoff/dialog-sync-2026-09-28/REPORT.md; handoff/dialog-sync-2026-09-28/p06-p07/REPORT.md; handoff/readable-content-2026-09-28/REPORT.md; handoff/readable-content-2026-09-28/SUMMARY.json; handoff/P07/REVISION_12.md; handoff/P07/evidence/revision-12; handoff/P07/REVISION_13.md; handoff/P07/evidence/revision-13","Visual review pending; production list/mapping/link/capability/device/audit contracts missing; hardware NOT_RUN. Fixture behavior PASS only. User temporarily accepted P07 r10 on2026-09-27; see handoff/P08/CONTEXT.md. P08 regression evidence: handoff/P08/evidence/nfc-regression/browser-results.json; handoff/P08/evidence/nfc-motion/results.json. 2026-09-28 authorized P01–P10 dialog synchronization applied and fixture-tested; new visuals pending user review, prior baseline acceptance remains historical. Production limitations unchanged. HN-readable-content-v1 applied and fixture-tested; existing visual/integration status retained."
"P07","design/01_Main/BOARDS/01_UPDATED_BOARDS/05_nfc.png","P07.S04","Đã liên kết thẻ NFC","LEGACY_ADAPTED","IN_PROGRESS","PASS","BLOCKED","handoff/P07/REPORT.md; handoff/P07/STATE_ACCEPTANCE.csv; handoff/P07/evidence/P07-S04-494x1000.png; handoff/P07/evidence/comparison-S04.png; handoff/P07/evidence/browser-results.json; handoff/P07/evidence/node-tests.txt; handoff/P07/REVISION_02.md; handoff/P07/evidence/revision-02/surfaces/results.json; handoff/P07/REVISION_03.md; handoff/P07/evidence/revision-03/nfc/browser-results.json; handoff/P07/REVISION_04.md; handoff/P07/evidence/revision-04/repeat/results.json; handoff/P07/REVISION_05.md; handoff/P07/evidence/revision-05/after/metrics.json; handoff/P07/REVISION_06.md; handoff/P07/evidence/revision-06; handoff/P07/REVISION_08.md; handoff/P07/evidence/revision-08; handoff/P07/REVISION_11.md; handoff/P07/evidence/revision-11; handoff/dialog-sync-2026-09-28/REPORT.md; handoff/dialog-sync-2026-09-28/p06-p07/REPORT.md; handoff/readable-content-2026-09-28/REPORT.md; handoff/readable-content-2026-09-28/SUMMARY.json; handoff/P07/REVISION_12.md; handoff/P07/evidence/revision-12; handoff/P07/REVISION_13.md; handoff/P07/evidence/revision-13","Visual review pending; production list/mapping/link/capability/device/audit contracts missing; hardware NOT_RUN. Fixture behavior PASS only. User temporarily accepted P07 r10 on2026-09-27; see handoff/P08/CONTEXT.md. P08 regression evidence: handoff/P08/evidence/nfc-regression/browser-results.json; handoff/P08/evidence/nfc-motion/results.json. 2026-09-28 authorized P01–P10 dialog synchronization applied and fixture-tested; new visuals pending user review, prior baseline acceptance remains historical. Production limitations unchanged. HN-readable-content-v1 applied and fixture-tested; existing visual/integration status retained."
"P08","design/01_Main/BOARDS/01_UPDATED_BOARDS/06_lich_su.png","P08.S01","Lịch sử danh sách","LEGACY_ADAPTED","IN_PROGRESS","PASS","BLOCKED","handoff/P08/REVISION_20.md; handoff/P08/evidence/revision-20/system-icon-results.json; handoff/P08/REVISION_19.md; handoff/P08/evidence/revision-19/reset-results.json; handoff/P08/REVISION_18.md; handoff/P08/evidence/revision-18/today-results.json; handoff/P08/REVISION_17.md; handoff/P08/evidence/revision-17/color-results.json; handoff/P08/REVISION_16.md; handoff/P08/evidence/revision-16/validation-results.json; handoff/P08/REVISION_15.md; handoff/P08/evidence/revision-15/badge-results.json; handoff/P08/REVISION_14.md; handoff/P08/evidence/revision-14/filter-results.json; handoff/P08/REVISION_13.md; handoff/P08/evidence/revision-13/range-results.json; handoff/P08/REVISION_12.md; handoff/P08/evidence/revision-12/datebar-results.json; handoff/P08/REVISION_11.md; handoff/P08/evidence/revision-11/browser-results.json; handoff/P08/REVISION_10.md; handoff/P08/evidence/revision-10/browser-results.json; handoff/P08/REVISION_07.md; handoff/P08/evidence/revision-07/browser-results.json; handoff/P08/REVISION_04.md; handoff/P08/evidence/revision-06/visual-results.json; handoff/P08/REVISION_04.md; handoff/P08/evidence/revision-04/browser-results.json; handoff/P08/REVISION_02.md; handoff/P08/evidence/revision-02/browser-results.json; handoff/P08/evidence/revision-02/render-metrics.json; handoff/P08/REPORT.md; handoff/P08/STATE_ACCEPTANCE.csv; handoff/P08/evidence/browser-results.json; handoff/P08/evidence/render-metrics.json; handoff/P08/evidence/comparison-S01.png; handoff/P09/CONTEXT.md (user temporarily accepted P08 r20, 2026-09-27); handoff/stability-2026-09-28/REPORT.md; handoff/dialog-sync-2026-09-28/REPORT.md; handoff/dialog-sync-2026-09-28/p08-p09/REPORT.md; handoff/readable-content-2026-09-28/REPORT.md; handoff/readable-content-2026-09-28/SUMMARY.json","4/4 prototype panels implemented; visual review pending. Fixture only; production event/read/aggregate contracts and P12/P18 unavailable. User temporarily accepted P08 r20; later state synchronization pending. Integration remains BLOCKED. 2026-09-28 authorized P01–P10 dialog synchronization applied and fixture-tested; new visuals pending user review, prior baseline acceptance remains historical. Production limitations unchanged. HN-readable-content-v1 applied and fixture-tested; existing visual/integration status retained."
"P08","design/01_Main/BOARDS/01_UPDATED_BOARDS/06_lich_su.png","P08.S02","Chi tiết lịch sử","MIGRATED","IN_PROGRESS","PASS","BLOCKED","handoff/P08/REVISION_20.md; handoff/P08/evidence/revision-20/system-icon-results.json; handoff/P08/REVISION_19.md; handoff/P08/evidence/revision-19/reset-results.json; handoff/P08/REVISION_17.md; handoff/P08/evidence/revision-17/color-results.json; handoff/P08/REVISION_11.md; handoff/P08/evidence/revision-11/browser-results.json; handoff/P08/REVISION_05.md; handoff/P08/evidence/revision-05/browser-results.json; handoff/P08/REVISION_04.md; handoff/P08/evidence/revision-04/browser-results.json; handoff/P08/REVISION_02.md; handoff/P08/evidence/revision-02/browser-results.json; handoff/P08/evidence/revision-02/render-metrics.json; handoff/P08/REPORT.md; handoff/P08/STATE_ACCEPTANCE.csv; handoff/P08/evidence/browser-results.json; handoff/P08/evidence/render-metrics.json; handoff/P08/evidence/comparison-S02.png; handoff/P09/CONTEXT.md (user temporarily accepted P08 r20, 2026-09-27); handoff/P09/evidence/revision-06/detail-results.json (shared tab parity); handoff/P09/evidence/revision-06/history-regression/browser-results.json; handoff/stability-2026-09-28/REPORT.md; handoff/dialog-sync-2026-09-28/REPORT.md; handoff/dialog-sync-2026-09-28/p08-p09/REPORT.md; handoff/readable-content-2026-09-28/REPORT.md; handoff/readable-content-2026-09-28/SUMMARY.json; handoff/P06/ux-upgrade-2026-09-29/REPORT.md","4/4 prototype panels implemented; visual review pending. Fixture only; production event/read/aggregate contracts and P12/P18 unavailable. User temporarily accepted P08 r20; later state synchronization pending. Integration remains BLOCKED. 2026-09-28 authorized P01–P10 dialog synchronization applied and fixture-tested; new visuals pending user review, prior baseline acceptance remains historical. Production limitations unchanged. HN-readable-content-v1 applied and fixture-tested; existing visual/integration status retained."
"P08","design/01_Main/BOARDS/01_UPDATED_BOARDS/06_lich_su.png","P08.S03","Phiên quét tham chiếu","LEGACY_ADAPTED","IN_PROGRESS","PASS","BLOCKED","handoff/P08/REVISION_20.md; handoff/P08/evidence/revision-20/system-icon-results.json; handoff/P08/REVISION_19.md; handoff/P08/evidence/revision-19/reset-results.json; handoff/P08/REVISION_17.md; handoff/P08/evidence/revision-17/color-results.json; handoff/P08/REVISION_11.md; handoff/P08/evidence/revision-11/browser-results.json; handoff/P08/REVISION_04.md; handoff/P08/evidence/revision-04/browser-results.json; handoff/P08/REVISION_02.md; handoff/P08/evidence/revision-02/browser-results.json; handoff/P08/evidence/revision-02/render-metrics.json; handoff/P08/REPORT.md; handoff/P08/STATE_ACCEPTANCE.csv; handoff/P08/evidence/browser-results.json; handoff/P08/evidence/render-metrics.json; handoff/P08/evidence/comparison-S03.png; handoff/P09/CONTEXT.md (user temporarily accepted P08 r20, 2026-09-27); handoff/stability-2026-09-28/REPORT.md; handoff/dialog-sync-2026-09-28/REPORT.md; handoff/dialog-sync-2026-09-28/p08-p09/REPORT.md; handoff/readable-content-2026-09-28/REPORT.md; handoff/readable-content-2026-09-28/SUMMARY.json","4/4 prototype panels implemented; visual review pending. Fixture only; production event/read/aggregate contracts and P12/P18 unavailable. User temporarily accepted P08 r20; later state synchronization pending. Integration remains BLOCKED. 2026-09-28 authorized P01–P10 dialog synchronization applied and fixture-tested; new visuals pending user review, prior baseline acceptance remains historical. Production limitations unchanged. HN-readable-content-v1 applied and fixture-tested; existing visual/integration status retained."
"P08","design/01_Main/BOARDS/01_UPDATED_BOARDS/06_lich_su.png","P08.S04","Hoạt động theo ngày","LEGACY_ADAPTED","IN_PROGRESS","PASS","BLOCKED","handoff/P08/REVISION_20.md; handoff/P08/evidence/revision-20/system-icon-results.json; handoff/P08/REVISION_19.md; handoff/P08/evidence/revision-19/reset-results.json; handoff/P08/REVISION_18.md; handoff/P08/evidence/revision-18/today-results.json; handoff/P08/REVISION_17.md; handoff/P08/evidence/revision-17/color-results.json; handoff/P08/REVISION_16.md; handoff/P08/evidence/revision-16/validation-results.json; handoff/P08/REVISION_15.md; handoff/P08/evidence/revision-15/badge-results.json; handoff/P08/REVISION_14.md; handoff/P08/evidence/revision-14/filter-results.json; handoff/P08/REVISION_13.md; handoff/P08/evidence/revision-13/range-results.json; handoff/P08/REVISION_12.md; handoff/P08/evidence/revision-12/datebar-results.json; handoff/P08/REVISION_11.md; handoff/P08/evidence/revision-11/browser-results.json; handoff/P08/REVISION_10.md; handoff/P08/evidence/revision-10/browser-results.json; handoff/P08/REVISION_09.md; handoff/P08/evidence/revision-09/browser-results.json; handoff/P08/REVISION_08.md; handoff/P08/evidence/revision-08/browser-results.json; handoff/P08/REVISION_07.md; handoff/P08/evidence/revision-07/browser-results.json; handoff/P08/REVISION_04.md; handoff/P08/evidence/revision-04/browser-results.json; handoff/P08/REVISION_02.md; handoff/P08/evidence/revision-02/browser-results.json; handoff/P08/evidence/revision-02/render-metrics.json; handoff/P08/REPORT.md; handoff/P08/STATE_ACCEPTANCE.csv; handoff/P08/evidence/browser-results.json; handoff/P08/evidence/render-metrics.json; handoff/P08/evidence/comparison-S04.png; handoff/P09/CONTEXT.md (user temporarily accepted P08 r20, 2026-09-27); handoff/stability-2026-09-28/REPORT.md; handoff/dialog-sync-2026-09-28/REPORT.md; handoff/dialog-sync-2026-09-28/p08-p09/REPORT.md; handoff/readable-content-2026-09-28/REPORT.md; handoff/readable-content-2026-09-28/SUMMARY.json","4/4 prototype panels implemented; visual review pending. Fixture only; production event/read/aggregate contracts and P12/P18 unavailable. User temporarily accepted P08 r20; later state synchronization pending. Integration remains BLOCKED. 2026-09-28 authorized P01–P10 dialog synchronization applied and fixture-tested; new visuals pending user review, prior baseline acceptance remains historical. Production limitations unchanged. HN-readable-content-v1 applied and fixture-tested; existing visual/integration status retained."
"P09","design/01_Main/BOARDS/01_UPDATED_BOARDS/07_bao_hanh.png","P09.S01","Bảo hành danh sách","LEGACY_ADAPTED","IN_PROGRESS","PASS","BLOCKED","handoff/P09/REPORT.md; handoff/P09/STATE_ACCEPTANCE.csv; handoff/P09/evidence/revision-01/browser-results.json; handoff/P09/evidence/revision-01/P09-S01-494x1000.png; handoff/P09/REVISION_02.md; handoff/P09/evidence/revision-02/regression/browser-results.json; handoff/P09/REVISION_03.md; handoff/P09/evidence/revision-03/regression/browser-results.json; handoff/P09/REVISION_04.md; handoff/P09/evidence/revision-04/regression/browser-results.json; handoff/P09/REVISION_05.md; handoff/P09/evidence/revision-05/navigation-results.json; handoff/P09/REVISION_06.md; handoff/P09/evidence/revision-06/regression/browser-results.json; handoff/P09/REVISION_07.md; handoff/P09/evidence/revision-07/regression/browser-results.json; handoff/P09/REVISION_08.md; handoff/P09/evidence/revision-08/stability-results.json; handoff/P09/REVISION_09.md; handoff/P09/evidence/revision-09/dataset/results.json; handoff/P09/evidence/revision-09/regression/browser-results.json; handoff/P10/CONTEXT.md (user temporarily accepted P09 r09 on 2026-09-28); handoff/dialog-sync-2026-09-28/REPORT.md; handoff/dialog-sync-2026-09-28/p08-p09/REPORT.md; handoff/readable-content-2026-09-28/REPORT.md; handoff/readable-content-2026-09-28/SUMMARY.json; handoff/P02/REVISION_10_KPI_ROUTES.md; handoff/P09/REVISION_10.md; handoff/P09/evidence/revision-10/ux/results.json; handoff/P09/evidence/revision-10/navigation-verified/navigation-results.json; handoff/P02/REVISION_15_UX.md; handoff/P09/REVISION_11.md; handoff/P09/evidence/revision-11/audit/results.json; handoff/P09/evidence/revision-11/navigation/navigation-results.json","Fixture only. Designer font/product/camera assets not exact; visual temporarily accepted by user 2026-09-28; additional states deferred. Production intake/update/permissions/ledger and P18/P19/P20/P21/P24 integration unverified. r05 Back returns exact caller/tab, closes dialogs first; fixture verified. r08 P09 targeted stability verified; final cross-app suite pending concurrent work. Production remains blocked. r09 coherent shared synthetic cases/ledger/events verified; no sample badge in app; integration unchanged. USER temporarily accepted P09 r09 2026-09-28; future synchronized states and production remain pending. 2026-09-28 authorized P01–P10 dialog synchronization applied and fixture-tested; new visuals pending user review, prior baseline acceptance remains historical. Production limitations unchanged. HN-readable-content-v1 applied and fixture-tested; existing visual/integration status retained. r10 user-requested UX adaptation;30 Node/44 browser groups verified; before-after provided, visual review pending. r11 same-serial/Escape/search-Enter/dialog-overflow fixes verified;30 Node/45 browser groups; visual review pending."
"P09","design/01_Main/BOARDS/01_UPDATED_BOARDS/07_bao_hanh.png","P09.S02","Tiếp nhận bảo hành","LEGACY_ADAPTED","IN_PROGRESS","PASS","BLOCKED","handoff/P09/REPORT.md; handoff/P09/STATE_ACCEPTANCE.csv; handoff/P09/evidence/revision-01/browser-results.json; handoff/P09/evidence/revision-01/P09-S02-494x1000.png; handoff/P09/REVISION_02.md; handoff/P09/evidence/revision-02/regression/browser-results.json; handoff/P09/evidence/revision-02/scan-results.json; handoff/P09/REVISION_03.md; handoff/P09/evidence/revision-03/regression/browser-results.json; handoff/P09/evidence/revision-03/fault-results.json; handoff/P09/REVISION_04.md; handoff/P09/evidence/revision-04/regression/browser-results.json; handoff/P09/evidence/revision-04/fault-results.json; handoff/P09/REVISION_05.md; handoff/P09/evidence/revision-05/navigation-results.json; handoff/P09/REVISION_06.md; handoff/P09/evidence/revision-06/regression/browser-results.json; handoff/P09/REVISION_07.md; handoff/P09/evidence/revision-07/regression/browser-results.json; handoff/P09/REVISION_08.md; handoff/P09/evidence/revision-08/stability-results.json; handoff/P06/flow-audit-2026-09-28/REPORT.md; handoff/P09/REVISION_09.md; handoff/P09/evidence/revision-09/dataset/results.json; handoff/P09/evidence/revision-09/regression/browser-results.json; handoff/P10/CONTEXT.md (user temporarily accepted P09 r09 on 2026-09-28); handoff/dialog-sync-2026-09-28/REPORT.md; handoff/dialog-sync-2026-09-28/p08-p09/REPORT.md; handoff/readable-content-2026-09-28/REPORT.md; handoff/readable-content-2026-09-28/SUMMARY.json; handoff/P09/REVISION_10.md; handoff/P09/evidence/revision-10/ux/results.json; handoff/P09/evidence/revision-10/navigation-verified/navigation-results.json; handoff/P09/REVISION_11.md; handoff/P09/evidence/revision-11/audit/results.json; handoff/P09/evidence/revision-11/navigation/navigation-results.json","Fixture only. Designer font/product/camera assets not exact; visual temporarily accepted by user 2026-09-28; additional states deferred. Production intake/update/permissions/ledger and P18/P19/P20/P21/P24 integration unverified. r02 scanner/manual UI aligned with P04/P05; awaiting visual review. r03 searchable18 fault choices and Other required text, form consistency; user visual review pending. r04 immediate choice; Other-only description and aligned fields; user review pending. r05 Back returns exact caller/tab, closes dialogs first; fixture verified. r08 P09 targeted stability verified; final cross-app suite pending concurrent work. Production remains blocked. r09 coherent shared synthetic cases/ledger/events verified; no sample badge in app; integration unchanged. USER temporarily accepted P09 r09 2026-09-28; future synchronized states and production remain pending. 2026-09-28 authorized P01–P10 dialog synchronization applied and fixture-tested; new visuals pending user review, prior baseline acceptance remains historical. Production limitations unchanged. HN-readable-content-v1 applied and fixture-tested; existing visual/integration status retained. r10 user-requested UX adaptation;30 Node/44 browser groups verified; before-after provided, visual review pending. r11 same-serial/Escape/search-Enter/dialog-overflow fixes verified;30 Node/45 browser groups; visual review pending."
"P09","design/01_Main/BOARDS/01_UPDATED_BOARDS/07_bao_hanh.png","P09.S03","Hồ sơ bảo hành","MIGRATED","IN_PROGRESS","PASS","BLOCKED","handoff/P09/REPORT.md; handoff/P09/STATE_ACCEPTANCE.csv; handoff/P09/evidence/revision-01/browser-results.json; handoff/P09/evidence/revision-01/P09-S03-494x1000.png; handoff/P09/REVISION_02.md; handoff/P09/evidence/revision-02/regression/browser-results.json; handoff/P09/REVISION_03.md; handoff/P09/evidence/revision-03/regression/browser-results.json; handoff/P09/REVISION_04.md; handoff/P09/evidence/revision-04/regression/browser-results.json; handoff/P09/REVISION_05.md; handoff/P09/evidence/revision-05/navigation-results.json; handoff/P09/REVISION_06.md; handoff/P09/evidence/revision-06/regression/browser-results.json; handoff/P09/evidence/revision-06/detail-results.json; handoff/P09/REVISION_07.md; handoff/P09/evidence/revision-07/regression/browser-results.json; handoff/P09/evidence/revision-07/update-results.json; handoff/P09/REVISION_08.md; handoff/P09/evidence/revision-08/stability-results.json; handoff/P09/REVISION_09.md; handoff/P09/evidence/revision-09/dataset/results.json; handoff/P09/evidence/revision-09/regression/browser-results.json; handoff/P10/CONTEXT.md (user temporarily accepted P09 r09 on 2026-09-28); handoff/dialog-sync-2026-09-28/REPORT.md; handoff/dialog-sync-2026-09-28/p08-p09/REPORT.md; handoff/readable-content-2026-09-28/REPORT.md; handoff/readable-content-2026-09-28/SUMMARY.json; handoff/P09/REVISION_10.md; handoff/P09/evidence/revision-10/ux/results.json; handoff/P09/evidence/revision-10/navigation-verified/navigation-results.json; handoff/P18/REPORT.md; handoff/P18/evidence/revision-01/browser-results.json; handoff/P18/REVISION_02.md (optional P18 draft-loss warning/caller restoration only); handoff/P09/REVISION_11.md; handoff/P09/evidence/revision-11/audit/results.json; handoff/P09/evidence/revision-11/navigation/navigation-results.json; handoff/P20/REPORT.md; handoff/P20/evidence/revision-01/p09-navigation/navigation-results.json","Fixture only. Designer font/product/camera assets not exact; visual temporarily accepted by user 2026-09-28; additional states deferred. Production intake/update/permissions/ledger and P18/P19/P20/P21/P24 integration unverified. r05 Back returns exact caller/tab, closes dialogs first; fixture verified. r06 three detail tabs/layout redesigned with shared P08 tab styles; visual review pending; P19/P21 actions disabled until available. r07 update dialog and safe return-list route implemented; visual review pending, production integration blocked. r08 P09 targeted stability verified; final cross-app suite pending concurrent work. Production remains blocked. r09 coherent shared synthetic cases/ledger/events verified; no sample badge in app; integration unchanged. USER temporarily accepted P09 r09 2026-09-28; future synchronized states and production remain pending. 2026-09-28 authorized P01–P10 dialog synchronization applied and fixture-tested; new visuals pending user review, prior baseline acceptance remains historical. Production limitations unchanged. HN-readable-content-v1 applied and fixture-tested; existing visual/integration status retained. r10 user-requested UX adaptation;30 Node/44 browser groups verified; before-after provided, visual review pending. P18 navigation dependency prototype verified2026-09-29; new entry/real file viewer visuals await review; production unchanged. r11 same-serial/Escape/search-Enter/dialog-overflow fixes verified;30 Node/45 browser groups; visual review pending."
"P09","design/01_Main/BOARDS/01_UPDATED_BOARDS/07_bao_hanh.png","P09.S04","Kết quả sửa chữa","LEGACY_ADAPTED","IN_PROGRESS","PASS","BLOCKED","handoff/P09/REPORT.md; handoff/P09/STATE_ACCEPTANCE.csv; handoff/P09/evidence/revision-01/browser-results.json; handoff/P09/evidence/revision-01/P09-S04-494x1000.png; handoff/P09/REVISION_02.md; handoff/P09/evidence/revision-02/regression/browser-results.json; handoff/P09/REVISION_03.md; handoff/P09/evidence/revision-03/regression/browser-results.json; handoff/P09/REVISION_04.md; handoff/P09/evidence/revision-04/regression/browser-results.json; handoff/P09/REVISION_05.md; handoff/P09/evidence/revision-05/navigation-results.json; handoff/P09/REVISION_06.md; handoff/P09/evidence/revision-06/regression/browser-results.json; handoff/P09/REVISION_07.md; handoff/P09/evidence/revision-07/regression/browser-results.json; handoff/P09/evidence/revision-07/update-results.json; handoff/P09/REVISION_08.md; handoff/P09/evidence/revision-08/stability-results.json; handoff/P09/REVISION_09.md; handoff/P09/evidence/revision-09/dataset/results.json; handoff/P09/evidence/revision-09/regression/browser-results.json; handoff/P10/CONTEXT.md (user temporarily accepted P09 r09 on 2026-09-28); handoff/dialog-sync-2026-09-28/REPORT.md; handoff/dialog-sync-2026-09-28/p08-p09/REPORT.md; handoff/readable-content-2026-09-28/REPORT.md; handoff/readable-content-2026-09-28/SUMMARY.json; handoff/P09/REVISION_10.md; handoff/P09/evidence/revision-10/ux/results.json; handoff/P09/evidence/revision-10/navigation-verified/navigation-results.json; handoff/P09/REVISION_11.md; handoff/P09/evidence/revision-11/audit/results.json; handoff/P09/evidence/revision-11/navigation/navigation-results.json","Fixture only. Designer font/product/camera assets not exact; visual temporarily accepted by user 2026-09-28; additional states deferred. Production intake/update/permissions/ledger and P18/P19/P20/P21/P24 integration unverified. r05 Back returns exact caller/tab, closes dialogs first; fixture verified. r07 update dialog and safe return-list route implemented; visual review pending, production integration blocked. r08 P09 targeted stability verified; final cross-app suite pending concurrent work. Production remains blocked. r09 coherent shared synthetic cases/ledger/events verified; no sample badge in app; integration unchanged. USER temporarily accepted P09 r09 2026-09-28; future synchronized states and production remain pending. 2026-09-28 authorized P01–P10 dialog synchronization applied and fixture-tested; new visuals pending user review, prior baseline acceptance remains historical. Production limitations unchanged. HN-readable-content-v1 applied and fixture-tested; existing visual/integration status retained. r10 user-requested UX adaptation;30 Node/44 browser groups verified; before-after provided, visual review pending. r11 same-serial/Escape/search-Enter/dialog-overflow fixes verified;30 Node/45 browser groups; visual review pending."
"P10","design/01_Main/BOARDS/01_UPDATED_BOARDS/08_ca_nhan.png","P10.S01","Cá nhân","LEGACY_ADAPTED","IN_PROGRESS","PASS","BLOCKED","handoff/P10/REPORT.md; handoff/P10/STATE_ACCEPTANCE.csv; handoff/P10/evidence/revision-01; handoff/P10/REVIEW.html; handoff/P10/REVISION_02.md; handoff/P10/evidence/revision-02/browser-results.json; handoff/P11/REPORT.md; handoff/P11/evidence/revision-01/profile-regression/browser-results.json; handoff/P10/REVISION_03.md; handoff/P10/evidence/revision-03; handoff/P10/REVISION_04.md; handoff/P10/evidence/revision-04; handoff/dialog-sync-2026-09-28/REPORT.md; handoff/dialog-sync-2026-09-28/root/verified-02/results.json; handoff/readable-content-2026-09-28/REPORT.md; handoff/readable-content-2026-09-28/SUMMARY.json; handoff/P14/REPORT.md; handoff/P14/evidence/revision-01/browser-results.json; handoff/P10/REVISION_05.md; handoff/P10/evidence/revision-05; handoff/P10/REVISION_06.md; handoff/P10/evidence/revision-06; handoff/P10/REVISION_07.md (restored original alignment by user request); handoff/P10/REVISION_08.md; handoff/P10/REVISION_09.md; handoff/P14/REVISION_05.md; handoff/P18/REVISION_02.md (optional P18 draft-loss warning/caller restoration only); handoff/P10/REVISION_10.md; handoff/P10/evidence/revision-10","P10-r10 tested prototype PASS (27 browser groups/31 Node). Visual actual review pending; physical keyboard/touch NOT_RUN. Production profile/upload/permissions BLOCKED. P11/P14/P18 work preserved; not global app acceptance."
"P10","design/01_Main/BOARDS/01_UPDATED_BOARDS/08_ca_nhan.png","P10.S02","Chỉnh sửa hồ sơ","LEGACY_ADAPTED","IN_PROGRESS","PASS","BLOCKED","handoff/P10/REPORT.md; handoff/P10/STATE_ACCEPTANCE.csv; handoff/P10/evidence/revision-01; handoff/P10/REVIEW.html; handoff/P10/REVISION_02.md; handoff/P10/evidence/revision-02/browser-results.json; handoff/P11/REPORT.md; handoff/P11/evidence/revision-01/profile-regression/browser-results.json; handoff/P10/REVISION_03.md; handoff/P10/evidence/revision-03; handoff/P10/REVISION_04.md; handoff/P10/evidence/revision-04; handoff/dialog-sync-2026-09-28/REPORT.md; handoff/dialog-sync-2026-09-28/root/verified-02/results.json; handoff/readable-content-2026-09-28/REPORT.md; handoff/readable-content-2026-09-28/SUMMARY.json; handoff/P10/REVISION_05.md; handoff/P10/evidence/revision-05; handoff/P10/REVISION_10.md; handoff/P10/evidence/revision-10","P10-r10 tested prototype PASS (27 browser groups/31 Node). Visual actual review pending; physical keyboard/touch NOT_RUN. Production profile/upload/permissions BLOCKED. P11/P14/P18 work preserved; not global app acceptance."
"P10","design/01_Main/BOARDS/01_UPDATED_BOARDS/08_ca_nhan.png","P10.S03","Công việc & quyền","LEGACY_ADAPTED","IN_PROGRESS","PASS","BLOCKED","handoff/P10/REPORT.md; handoff/P10/STATE_ACCEPTANCE.csv; handoff/P10/evidence/revision-01; handoff/P10/REVIEW.html; handoff/P10/REVISION_02.md; handoff/P10/evidence/revision-02/browser-results.json; handoff/P11/REPORT.md; handoff/P11/evidence/revision-01/profile-regression/browser-results.json; handoff/P10/REVISION_03.md; handoff/P10/evidence/revision-03; handoff/P10/REVISION_04.md; handoff/P10/evidence/revision-04; handoff/dialog-sync-2026-09-28/REPORT.md; handoff/dialog-sync-2026-09-28/root/verified-02/results.json; handoff/readable-content-2026-09-28/REPORT.md; handoff/readable-content-2026-09-28/SUMMARY.json; handoff/P10/REVISION_05.md; handoff/P10/evidence/revision-05; handoff/P10/REVISION_10.md; handoff/P10/evidence/revision-10","P10-r10 tested prototype PASS (27 browser groups/31 Node). Visual actual review pending; physical keyboard/touch NOT_RUN. Production profile/upload/permissions BLOCKED. P11/P14/P18 work preserved; not global app acceptance."
"P10","design/01_Main/BOARDS/01_UPDATED_BOARDS/08_ca_nhan.png","P10.S04","Tài khoản & bảo mật","LEGACY_ADAPTED","IN_PROGRESS","PASS","BLOCKED","handoff/P10/REPORT.md; handoff/P10/STATE_ACCEPTANCE.csv; handoff/P10/evidence/revision-01; handoff/P10/REVIEW.html; handoff/P10/REVISION_02.md; handoff/P10/evidence/revision-02/browser-results.json; handoff/P11/REPORT.md; handoff/P11/evidence/revision-01/profile-regression/browser-results.json; handoff/P10/REVISION_03.md; handoff/P10/evidence/revision-03; handoff/P10/REVISION_04.md; handoff/P10/evidence/revision-04; handoff/dialog-sync-2026-09-28/REPORT.md; handoff/dialog-sync-2026-09-28/root/verified-02/results.json; handoff/readable-content-2026-09-28/REPORT.md; handoff/readable-content-2026-09-28/SUMMARY.json; handoff/P10/REVISION_05.md; handoff/P10/evidence/revision-05; handoff/P10/REVISION_10.md; handoff/P10/evidence/revision-10","P10-r10 tested prototype PASS (27 browser groups/31 Node). Visual actual review pending; physical keyboard/touch NOT_RUN. Production profile/upload/permissions BLOCKED. P11/P14/P18 work preserved; not global app acceptance."
"P11","design/01_Main/BOARDS/01_UPDATED_BOARDS/09_bao_mat.png","P11.S01","Đổi mật khẩu","LEGACY_ADAPTED","IN_PROGRESS","PASS","BLOCKED","handoff/P11/REPORT.md; handoff/P11/STATE_ACCEPTANCE.csv; handoff/P11/evidence/revision-01/final/P11-S01-actual.png; handoff/P11/evidence/revision-01/final/browser-results.json; handoff/P11/REVISION_02.md; handoff/P11/evidence/revision-02/verified/results.json; handoff/P11/REVISION_03.md; handoff/P11/evidence/revision-03/layout-dialog-final/results.json; handoff/readable-content-2026-09-28/REPORT.md; handoff/readable-content-2026-09-28/SUMMARY.json","r02: Default shared P01/P11 preview working, password effective across logout/login and remote revocation retained in page memory. Visual review pending; Designer font/pixel match unverified. Production policy/change/session API and P15 still blocked. Reload/reset intentionally resets fixture; no secret persistence. r03: balanced result and action feedback dialogs implemented; visual review pending. Future dialog contract locked. HN-readable-content-v1 applied and fixture-tested; existing visual/integration status retained."
"P11","design/01_Main/BOARDS/01_UPDATED_BOARDS/09_bao_mat.png","P11.S02","Xác thực thông tin — lỗi","LEGACY_ADAPTED","IN_PROGRESS","PASS","BLOCKED","handoff/P11/REPORT.md; handoff/P11/STATE_ACCEPTANCE.csv; handoff/P11/evidence/revision-01/final/P11-S02-actual.png; handoff/P11/evidence/revision-01/final/browser-results.json; handoff/P11/REVISION_02.md; handoff/P11/evidence/revision-02/verified/results.json; handoff/P11/REVISION_03.md; handoff/P11/evidence/revision-03/layout-dialog-final/results.json; handoff/readable-content-2026-09-28/REPORT.md; handoff/readable-content-2026-09-28/SUMMARY.json","r02: Default shared P01/P11 preview working, password effective across logout/login and remote revocation retained in page memory. Visual review pending; Designer font/pixel match unverified. Production policy/change/session API and P15 still blocked. Reload/reset intentionally resets fixture; no secret persistence. r03: balanced result and action feedback dialogs implemented; visual review pending. Future dialog contract locked. HN-readable-content-v1 applied and fixture-tested; existing visual/integration status retained."
"P11","design/01_Main/BOARDS/01_UPDATED_BOARDS/09_bao_mat.png","P11.S03","Đã đổi mật khẩu","LEGACY_ADAPTED","IN_PROGRESS","PASS","BLOCKED","handoff/P11/REPORT.md; handoff/P11/STATE_ACCEPTANCE.csv; handoff/P11/evidence/revision-01/final/P11-S03-actual.png; handoff/P11/evidence/revision-01/final/browser-results.json; handoff/P11/REVISION_02.md; handoff/P11/evidence/revision-02/verified/results.json; handoff/P11/REVISION_03.md; handoff/P11/evidence/revision-03/layout-dialog-final/results.json; handoff/readable-content-2026-09-28/REPORT.md; handoff/readable-content-2026-09-28/SUMMARY.json","r02: Default shared P01/P11 preview working, password effective across logout/login and remote revocation retained in page memory. Visual review pending; Designer font/pixel match unverified. Production policy/change/session API and P15 still blocked. Reload/reset intentionally resets fixture; no secret persistence. r03: balanced result and action feedback dialogs implemented; visual review pending. Future dialog contract locked. HN-readable-content-v1 applied and fixture-tested; existing visual/integration status retained."
"P11","design/01_Main/BOARDS/01_UPDATED_BOARDS/09_bao_mat.png","P11.S04","Phiên đăng nhập","LEGACY_ADAPTED","IN_PROGRESS","PASS","BLOCKED","handoff/P11/REPORT.md; handoff/P11/STATE_ACCEPTANCE.csv; handoff/P11/evidence/revision-01/final/P11-S04-actual.png; handoff/P11/evidence/revision-01/final/browser-results.json; handoff/P11/REVISION_02.md; handoff/P11/evidence/revision-02/verified/results.json; handoff/P11/REVISION_03.md; handoff/P11/evidence/revision-03/layout-dialog-final/results.json; handoff/readable-content-2026-09-28/REPORT.md; handoff/readable-content-2026-09-28/SUMMARY.json","r02: Default shared P01/P11 preview working, password effective across logout/login and remote revocation retained in page memory. Visual review pending; Designer font/pixel match unverified. Production policy/change/session API and P15 still blocked. Reload/reset intentionally resets fixture; no secret persistence. r03: balanced result and action feedback dialogs implemented; visual review pending. Future dialog contract locked. HN-readable-content-v1 applied and fixture-tested; existing visual/integration status retained."
"P12","design/01_Main/BOARDS/01_UPDATED_BOARDS/10_chung_tu.png","P12.S01","Chứng từ — Danh sách","MIGRATED","IN_PROGRESS","PASS","BLOCKED","handoff/P12/REPORT.md; handoff/P12/STATE_ACCEPTANCE.csv; handoff/P12/evidence/revision-01/S01-494x950.png; handoff/P12/evidence/revision-01/browser-results.json; handoff/P12/REVISION_02.md; handoff/P12/evidence/revision-02/browser-results.json; handoff/P12/REVISION_03.md; handoff/P12/evidence/revision-03/tabs-results.json; handoff/P12/evidence/revision-03/data-regression/browser-results.json; handoff/P12/REVISION_04.md; handoff/P12/evidence/revision-04/theme-download-results.json; handoff/P12/REVISION_05.md; handoff/P12/evidence/revision-05/text-spacing-results.json; handoff/readable-content-2026-09-28/REPORT.md; handoff/readable-content-2026-09-28/SUMMARY.json; RUN_STATE.json:p12_temporary_acceptance; handoff/P13/REPORT.md; handoff/P02/REVISION_10_KPI_ROUTES.md; handoff/P12/REVISION_06.md; handoff/P12/evidence/revision-06/REVIEW.md; handoff/P12/REVISION_07.md; handoff/P12/evidence/revision-07/consistency-results.json; handoff/P02/REVISION_14_RECENT.md; handoff/P02/REVISION_15_UX.md; handoff/P12/REVISION_10.md; handoff/P12/evidence/revision-10/summary.json","r07 shared History controls, page-level Back, stable4tabs, warning/success timeline applied.41 Node/44 scoped browser groups PASS; visual review pending, not design sign-off. Backend/date/artwork limits retained. r10 fixes5 reproduced UI/interaction defects and download focus;26 browser groups PASS, new visual review pending. Production not signed off."
"P12","design/01_Main/BOARDS/01_UPDATED_BOARDS/10_chung_tu.png","P12.S02","Chi tiết chứng từ","MIGRATED","IN_PROGRESS","PASS","BLOCKED","handoff/P12/REPORT.md; handoff/P12/STATE_ACCEPTANCE.csv; handoff/P12/evidence/revision-01/S02-494x950.png; handoff/P12/evidence/revision-01/browser-results.json; handoff/P12/REVISION_02.md; handoff/P12/evidence/revision-02/browser-results.json; handoff/P12/REVISION_03.md; handoff/P12/evidence/revision-03/tabs-results.json; handoff/P12/evidence/revision-03/data-regression/browser-results.json; handoff/P12/REVISION_04.md; handoff/P12/evidence/revision-04/theme-download-results.json; handoff/P12/REVISION_05.md; handoff/P12/evidence/revision-05/text-spacing-results.json; handoff/readable-content-2026-09-28/REPORT.md; handoff/readable-content-2026-09-28/SUMMARY.json; RUN_STATE.json:p12_temporary_acceptance; handoff/P13/REPORT.md; handoff/P12/REVISION_06.md; handoff/P12/evidence/revision-06/REVIEW.md; handoff/P12/REVISION_07.md; handoff/P12/evidence/revision-07/consistency-results.json; handoff/P02/REVISION_14_RECENT.md; handoff/P18/REPORT.md; handoff/P18/evidence/revision-01/browser-results.json; handoff/P18/REVISION_02.md (optional P18 draft-loss warning/caller restoration only); handoff/P12/REVISION_10.md; handoff/P12/evidence/revision-10/summary.json","r07 shared History controls, page-level Back, stable4tabs, warning/success timeline applied.41 Node/44 scoped browser groups PASS; visual review pending, not design sign-off. Backend/date/artwork limits retained. P18 navigation dependency prototype verified2026-09-29; new entry/real file viewer visuals await review; production unchanged. r10 fixes5 reproduced UI/interaction defects and download focus;26 browser groups PASS, new visual review pending. Production not signed off."
"P12","design/01_Main/BOARDS/01_UPDATED_BOARDS/10_chung_tu.png","P12.S03","Sản phẩm trong chứng từ","MIGRATED","IN_PROGRESS","PASS","BLOCKED","handoff/P12/REPORT.md; handoff/P12/STATE_ACCEPTANCE.csv; handoff/P12/evidence/revision-01/S03-494x950.png; handoff/P12/evidence/revision-01/browser-results.json; handoff/P12/REVISION_02.md; handoff/P12/evidence/revision-02/browser-results.json; handoff/P12/REVISION_03.md; handoff/P12/evidence/revision-03/tabs-results.json; handoff/P12/evidence/revision-03/data-regression/browser-results.json; handoff/P12/REVISION_04.md; handoff/P12/evidence/revision-04/theme-download-results.json; handoff/P12/REVISION_05.md; handoff/P12/evidence/revision-05/text-spacing-results.json; handoff/readable-content-2026-09-28/REPORT.md; handoff/readable-content-2026-09-28/SUMMARY.json; RUN_STATE.json:p12_temporary_acceptance; handoff/P13/REPORT.md; handoff/P12/REVISION_06.md; handoff/P12/evidence/revision-06/REVIEW.md; handoff/P12/REVISION_07.md; handoff/P12/evidence/revision-07/consistency-results.json; handoff/P12/REVISION_10.md; handoff/P12/evidence/revision-10/summary.json","r07 shared History controls, page-level Back, stable4tabs, warning/success timeline applied.41 Node/44 scoped browser groups PASS; visual review pending, not design sign-off. Backend/date/artwork limits retained. r10 fixes5 reproduced UI/interaction defects and download focus;26 browser groups PASS, new visual review pending. Production not signed off."
"P12","design/01_Main/BOARDS/01_UPDATED_BOARDS/10_chung_tu.png","P12.S04","Tạo chứng từ mới","MIGRATED","IN_PROGRESS","PASS","BLOCKED","handoff/P12/REPORT.md; handoff/P12/STATE_ACCEPTANCE.csv; handoff/P12/evidence/revision-01/S04-494x950.png; handoff/P12/evidence/revision-01/browser-results.json; handoff/P12/REVISION_02.md; handoff/P12/evidence/revision-02/browser-results.json; handoff/P12/REVISION_03.md; handoff/P12/evidence/revision-03/tabs-results.json; handoff/P12/evidence/revision-03/data-regression/browser-results.json; handoff/P12/REVISION_04.md; handoff/P12/evidence/revision-04/theme-download-results.json; handoff/P12/REVISION_05.md; handoff/P12/evidence/revision-05/text-spacing-results.json; handoff/readable-content-2026-09-28/REPORT.md; handoff/readable-content-2026-09-28/SUMMARY.json; RUN_STATE.json:p12_temporary_acceptance; handoff/P13/REPORT.md; handoff/P12/REVISION_06.md; handoff/P12/evidence/revision-06/REVIEW.md; handoff/P12/REVISION_07.md; handoff/P12/evidence/revision-07/consistency-results.json; handoff/P12/REVISION_08.md; handoff/P12/evidence/revision-08/create-results.json; handoff/P12/REVISION_09.md; handoff/P12/evidence/revision-09/guidance-results.json; handoff/P12/REVISION_10.md; handoff/P12/evidence/revision-10/summary.json","r08 compact form and supplier dialog bounds repaired.20 browser groups PASS in preview; visual review pending, not client sign-off. Readonly date policy,200-char input and owner flow retained. Production blocked. r09 shared progress/review totals or supplier/draft UX applied by user request; scoped checks PASS, new visual review pending. r10 fixes5 reproduced UI/interaction defects and download focus;26 browser groups PASS, new visual review pending. Production not signed off."
"P13","design/01_Main/BOARDS/02_NEW_BOARDS/11_thong_bao_phe_duyet.png","P13.S01","Danh sách thông báo","LEGACY_ADAPTED","USER_TEMPORARILY_ACCEPTED","PASS","BLOCKED","handoff/P13/REPORT.md; handoff/P13/STATE_ACCEPTANCE.csv; handoff/P13/evidence/revision-01/P13-S01.png; handoff/P13/evidence/revision-01/browser-results.json; handoff/P13/evidence/revision-01/node-tests.txt; handoff/P13/REVISION_02.md; handoff/P13/evidence/revision-02/browser-results.json; handoff/P13/evidence/revision-02/layout-observations.json; handoff/P13/REVISION_03.md; handoff/P13/evidence/revision-03/pagination-browser-results.json; handoff/P13/evidence/revision-03/regression/browser-results.json; handoff/P13/REVISION_04.md; handoff/P13/evidence/revision-04/count-browser-results.json; handoff/P13/REVISION_05.md; handoff/P13/evidence/revision-05/detail-nav-results.json; handoff/P13/evidence/revision-05/regression/browser-results.json; handoff/P13/REVISION_06.md; handoff/P13/evidence/revision-06/content-first-results.json; handoff/P13/evidence/revision-06/regression/browser-results.json; handoff/P02/REVISION_15_UX.md; handoff/P13/REVISION_07.md; handoff/P13/evidence/revision-07/after/audit-results.json; handoff/P13/evidence/revision-07/regression-final/browser-results.json","P13-r01 fixture behavior verified; visual user review pending. Production notifications/read permissions/mark-read/Web list contract and URL unavailable. Preview events only, not a production notification service. r02 user-requested inbox layout cleanup implemented and14 browser groups verified; latest visual awaits review. Four panels retained. r03 notification10+10 explicit paging fixture behavior verified; production cursor/count/scope contract unavailable; visual user review pending. P13-r04 capped badge/tab presentation tested up to1000 source items; visual review pending; production unchanged. r05 all4 panels retain locked menu per user;19 browser groups PASS prototype; visual user review pending. r06 S02 message-first hierarchy/disclosure implemented;24 browser groups PASS prototype; actual visual user review pending. User2026-09-29 temporarily accepted P13-r06; future states may be added; production remains blocked. r07 audit:7 reproduced UX defects fixed;21 Node and36 browser groups PASS prototype. R06 temporary acceptance retained; audit states/production limitations as report."
"P13","design/01_Main/BOARDS/02_NEW_BOARDS/11_thong_bao_phe_duyet.png","P13.S02","Chi tiết thông báo","LEGACY_ADAPTED","USER_TEMPORARILY_ACCEPTED","PASS","BLOCKED","handoff/P13/REPORT.md; handoff/P13/STATE_ACCEPTANCE.csv; handoff/P13/evidence/revision-01/P13-S02.png; handoff/P13/evidence/revision-01/browser-results.json; handoff/P13/evidence/revision-01/node-tests.txt; handoff/P13/REVISION_02.md; handoff/P13/evidence/revision-02/browser-results.json; handoff/P13/evidence/revision-02/layout-observations.json; handoff/P13/REVISION_03.md; handoff/P13/evidence/revision-03/pagination-browser-results.json; handoff/P13/evidence/revision-03/regression/browser-results.json; handoff/P13/REVISION_04.md; handoff/P13/evidence/revision-04/count-browser-results.json; handoff/P13/REVISION_05.md; handoff/P13/evidence/revision-05/detail-nav-results.json; handoff/P13/evidence/revision-05/regression/browser-results.json; handoff/P13/REVISION_06.md; handoff/P13/evidence/revision-06/content-first-results.json; handoff/P13/evidence/revision-06/regression/browser-results.json; handoff/P13/REVISION_07.md; handoff/P13/evidence/revision-07/after/audit-results.json; handoff/P13/evidence/revision-07/regression-final/browser-results.json","P13-r01 fixture behavior verified; visual user review pending. Production notifications/read permissions/mark-read/Web list contract and URL unavailable. Preview events only, not a production notification service. r02 user-requested inbox layout cleanup implemented and14 browser groups verified; latest visual awaits review. Four panels retained. r03 notification10+10 explicit paging fixture behavior verified; production cursor/count/scope contract unavailable; visual user review pending. P13-r04 capped badge/tab presentation tested up to1000 source items; visual review pending; production unchanged. r05 all4 panels retain locked menu per user;19 browser groups PASS prototype; visual user review pending. r06 S02 message-first hierarchy/disclosure implemented;24 browser groups PASS prototype; actual visual user review pending. User2026-09-29 temporarily accepted P13-r06; future states may be added; production remains blocked. r07 audit:7 reproduced UX defects fixed;21 Node and36 browser groups PASS prototype. R06 temporary acceptance retained; audit states/production limitations as report."
"P13","design/01_Main/BOARDS/02_NEW_BOARDS/11_thong_bao_phe_duyet.png","P13.S03","Theo dõi phiếu chờ xử lý trên Web","MIGRATED","USER_TEMPORARILY_ACCEPTED","PASS","BLOCKED","handoff/P13/REPORT.md; handoff/P13/STATE_ACCEPTANCE.csv; handoff/P13/evidence/revision-01/P13-S03.png; handoff/P13/evidence/revision-01/browser-results.json; handoff/P13/evidence/revision-01/node-tests.txt; handoff/P13/REVISION_02.md; handoff/P13/evidence/revision-02/browser-results.json; handoff/P13/evidence/revision-02/layout-observations.json; handoff/P13/REVISION_03.md; handoff/P13/evidence/revision-03/pagination-browser-results.json; handoff/P13/evidence/revision-03/regression/browser-results.json; handoff/P13/REVISION_04.md; handoff/P13/evidence/revision-04/count-browser-results.json; handoff/P13/REVISION_05.md; handoff/P13/evidence/revision-05/detail-nav-results.json; handoff/P13/evidence/revision-05/regression/browser-results.json; handoff/P13/REVISION_06.md; handoff/P13/evidence/revision-06/content-first-results.json; handoff/P13/evidence/revision-06/regression/browser-results.json; handoff/P13/REVISION_07.md; handoff/P13/evidence/revision-07/after/audit-results.json; handoff/P13/evidence/revision-07/regression-final/browser-results.json","P13-r01 fixture behavior verified; visual user review pending. Production notifications/read permissions/mark-read/Web list contract and URL unavailable. MIGRATED: HANDOFF supersedes approval controls; read-only Web tracking. r02 user-requested inbox layout cleanup implemented and14 browser groups verified; latest visual awaits review. Four panels retained. r03 notification10+10 explicit paging fixture behavior verified; production cursor/count/scope contract unavailable; visual user review pending. P13-r04 capped badge/tab presentation tested up to1000 source items; visual review pending; production unchanged. r05 all4 panels retain locked menu per user;19 browser groups PASS prototype; visual user review pending. r06 S02 message-first hierarchy/disclosure implemented;24 browser groups PASS prototype; actual visual user review pending. User2026-09-29 temporarily accepted P13-r06; future states may be added; production remains blocked. r07 audit:7 reproduced UX defects fixed;21 Node and36 browser groups PASS prototype. R06 temporary acceptance retained; audit states/production limitations as report."
"P13","design/01_Main/BOARDS/02_NEW_BOARDS/11_thong_bao_phe_duyet.png","P13.S04","Chi tiết phiếu chờ xử lý trên Web","MIGRATED","USER_TEMPORARILY_ACCEPTED","PASS","BLOCKED","handoff/P13/REPORT.md; handoff/P13/STATE_ACCEPTANCE.csv; handoff/P13/evidence/revision-01/P13-S04.png; handoff/P13/evidence/revision-01/browser-results.json; handoff/P13/evidence/revision-01/node-tests.txt; handoff/P13/REVISION_02.md; handoff/P13/evidence/revision-02/browser-results.json; handoff/P13/evidence/revision-02/layout-observations.json; handoff/P13/REVISION_03.md; handoff/P13/evidence/revision-03/pagination-browser-results.json; handoff/P13/evidence/revision-03/regression/browser-results.json; handoff/P13/REVISION_04.md; handoff/P13/evidence/revision-04/count-browser-results.json; handoff/P13/REVISION_05.md; handoff/P13/evidence/revision-05/detail-nav-results.json; handoff/P13/evidence/revision-05/regression/browser-results.json; handoff/P13/REVISION_06.md; handoff/P13/evidence/revision-06/content-first-results.json; handoff/P13/evidence/revision-06/regression/browser-results.json; handoff/P13/REVISION_07.md; handoff/P13/evidence/revision-07/after/audit-results.json; handoff/P13/evidence/revision-07/regression-final/browser-results.json","P13-r01 fixture behavior verified; visual user review pending. Production notifications/read permissions/mark-read/Web list contract and URL unavailable. MIGRATED: HANDOFF supersedes approval controls; read-only Web tracking. r02 user-requested inbox layout cleanup implemented and14 browser groups verified; latest visual awaits review. Four panels retained. r03 notification10+10 explicit paging fixture behavior verified; production cursor/count/scope contract unavailable; visual user review pending. P13-r04 capped badge/tab presentation tested up to1000 source items; visual review pending; production unchanged. r05 all4 panels retain locked menu per user;19 browser groups PASS prototype; visual user review pending. r06 S02 message-first hierarchy/disclosure implemented;24 browser groups PASS prototype; actual visual user review pending. User2026-09-29 temporarily accepted P13-r06; future states may be added; production remains blocked. r07 audit:7 reproduced UX defects fixed;21 Node and36 browser groups PASS prototype. R06 temporary acceptance retained; audit states/production limitations as report."
"P14","design/01_Main/BOARDS/02_NEW_BOARDS/12_khoi_phuc_va_ca_fixed.png","P14.S01","Khôi phục tài khoản","LEGACY_ADAPTED","IN_PROGRESS","PASS","BLOCKED","handoff/P14/REPORT.md; handoff/P14/STATE_ACCEPTANCE.csv; handoff/P14/evidence/revision-01/P14-S01.png; handoff/P14/evidence/revision-01/browser-results.json; handoff/P14/REVISION_02.md; handoff/P14/evidence/revision-02/regression/browser-results.json; handoff/P14/AUDIT_REMAINING_2026-09-29.md; handoff/P14/REVISION_03.md; handoff/P14/evidence/revision-03/upgrade-results.json; handoff/P14/REVISION_04.md; handoff/P14/evidence/revision-04/regression/browser-results.json; handoff/P14/REVISION_05.md; handoff/P14/evidence/revision-05/logout-results.json; handoff/P14/REVISION_06.md; handoff/P14/evidence/revision-06/after/audit-results.json","P14-r01 prototype verified; visual user review pending; recovery/end-shift/aggregate production contract unavailable. P21 not accepted; fixture checkpoint only. Audit2026-09-29: additional UX/state issues reproduced; fixes proposed, not applied. r03: F01-F05 audit findings resolved and fixture-tested; visual pending; production unchanged. r04 user-approved layout implemented;34browser groups verified; visual review pending; integration unchanged. r05 History/Logout implemented;99Node/35browser groups verified; page-memory retention only; visual/backend not accepted. r06 audit fixes verified by35Node/53browser groups; visual awaits review; production unchanged."
"P14","design/01_Main/BOARDS/02_NEW_BOARDS/12_khoi_phuc_va_ca_fixed.png","P14.S02","Yêu cầu đã tiếp nhận","LEGACY_ADAPTED","IN_PROGRESS","PASS","BLOCKED","handoff/P14/REPORT.md; handoff/P14/STATE_ACCEPTANCE.csv; handoff/P14/evidence/revision-01/P14-S02.png; handoff/P14/evidence/revision-01/browser-results.json; handoff/P14/REVISION_02.md; handoff/P14/evidence/revision-02/regression/browser-results.json; handoff/P14/evidence/revision-02/after/S02-494x950.png; handoff/P14/evidence/revision-02/receipt-results.json; handoff/P14/REVISION_03.md; handoff/P14/evidence/revision-03/upgrade-results.json; handoff/P14/REVISION_04.md; handoff/P14/evidence/revision-04/regression/browser-results.json; handoff/P14/REVISION_05.md; handoff/P14/evidence/revision-05/logout-results.json; handoff/P14/REVISION_06.md; handoff/P14/evidence/revision-06/after/audit-results.json","P14-r01 prototype verified; visual user review pending; recovery/end-shift/aggregate production contract unavailable. P21 not accepted; fixture checkpoint only. r02 receipt layout implemented per user; visual review pending; integration unchanged. r03: F01-F05 audit findings resolved and fixture-tested; visual pending; production unchanged. r04 user-approved layout implemented;34browser groups verified; visual review pending; integration unchanged. r05 History/Logout implemented;99Node/35browser groups verified; page-memory retention only; visual/backend not accepted. r06 audit fixes verified by35Node/53browser groups; visual awaits review; production unchanged."
"P14","design/01_Main/BOARDS/02_NEW_BOARDS/12_khoi_phuc_va_ca_fixed.png","P14.S03","Kết thúc ca","LEGACY_ADAPTED","IN_PROGRESS","PASS","BLOCKED","handoff/P14/REPORT.md; handoff/P14/STATE_ACCEPTANCE.csv; handoff/P14/evidence/revision-01/P14-S03.png; handoff/P14/evidence/revision-01/browser-results.json; handoff/P14/REVISION_02.md; handoff/P14/evidence/revision-02/regression/browser-results.json; handoff/P14/AUDIT_REMAINING_2026-09-29.md; handoff/P14/REVISION_03.md; handoff/P14/evidence/revision-03/upgrade-results.json; handoff/P14/REVISION_04.md; handoff/P14/evidence/revision-04/regression/browser-results.json; handoff/P14/REVISION_05.md; handoff/P14/evidence/revision-05/logout-results.json; handoff/P10/evidence/revision-10/after/results.json (P10 caller/Back edge only); handoff/P14/REVISION_06.md; handoff/P14/evidence/revision-06/after/audit-results.json","P14-r01 prototype verified; visual user review pending; recovery/end-shift/aggregate production contract unavailable. P21 not accepted; fixture checkpoint only. Audit2026-09-29: additional UX/state issues reproduced; fixes proposed, not applied. r03: F01-F05 audit findings resolved and fixture-tested; visual pending; production unchanged. r04 user-approved layout implemented;34browser groups verified; visual review pending; integration unchanged. r05 History/Logout implemented;99Node/35browser groups verified; page-memory retention only; visual/backend not accepted. r06 audit fixes verified by35Node/53browser groups; visual awaits review; production unchanged."
"P14","design/01_Main/BOARDS/02_NEW_BOARDS/12_khoi_phuc_va_ca_fixed.png","P14.S04","Tổng kết ca","LEGACY_ADAPTED","IN_PROGRESS","PASS","BLOCKED","handoff/P14/REPORT.md; handoff/P14/STATE_ACCEPTANCE.csv; handoff/P14/evidence/revision-01/P14-S04.png; handoff/P14/evidence/revision-01/browser-results.json; handoff/P14/REVISION_02.md; handoff/P14/evidence/revision-02/regression/browser-results.json; handoff/P14/AUDIT_REMAINING_2026-09-29.md; handoff/P14/REVISION_03.md; handoff/P14/evidence/revision-03/upgrade-results.json; handoff/P14/REVISION_04.md; handoff/P14/evidence/revision-04/regression/browser-results.json; handoff/P14/REVISION_05.md; handoff/P14/evidence/revision-05/logout-results.json; handoff/P18/REVISION_02.md (optional P18 draft-loss warning/caller restoration only); handoff/P14/REVISION_06.md; handoff/P14/evidence/revision-06/after/audit-results.json","P14-r01 prototype verified; visual user review pending; recovery/end-shift/aggregate production contract unavailable. P21 not accepted; fixture checkpoint only. Audit2026-09-29: additional UX/state issues reproduced; fixes proposed, not applied. r03: F01-F05 audit findings resolved and fixture-tested; visual pending; production unchanged. r04 user-approved layout implemented;34browser groups verified; visual review pending; integration unchanged. r05 History/Logout implemented;99Node/35browser groups verified; page-memory retention only; visual/backend not accepted. r06 audit fixes verified by35Node/53browser groups; visual awaits review; production unchanged."
"P15","design/01_Main/BOARDS/02_NEW_BOARDS/13_he_thong_fixed.png","P15.S01","Mất kết nối / chưa thể đồng bộ","LEGACY_ADAPTED","IN_PROGRESS","PASS","BLOCKED","handoff/P15/REPORT.md; handoff/P15/evidence/revision-01/P15-S01.png; handoff/P15/evidence/revision-01/browser-results.json; handoff/P15/evidence/revision-01/edge-results.json; handoff/P15/REVISION_02.md; handoff/P15/evidence/revision-02/ux-results.json; handoff/P15/USER_ACCEPTANCE_2026-09-29.md; handoff/P15/REVISION_03.md; handoff/P15/evidence/revision-03/after/audit-results.json","P15 r03 audited;7 reproduced findings resolved; visual review pending. Historical r02 temporary acceptance preserved. Production/backend/native hardware unverified."
"P15","design/01_Main/BOARDS/02_NEW_BOARDS/13_he_thong_fixed.png","P15.S02","Phiên đăng nhập hết hạn","LEGACY_ADAPTED","IN_PROGRESS","PASS","BLOCKED","handoff/P15/REPORT.md; handoff/P15/evidence/revision-01/P15-S02.png; handoff/P15/evidence/revision-01/browser-results.json; handoff/P15/evidence/revision-01/edge-results.json; handoff/P15/REVISION_02.md; handoff/P15/evidence/revision-02/ux-results.json; handoff/P15/USER_ACCEPTANCE_2026-09-29.md; handoff/P15/REVISION_03.md; handoff/P15/evidence/revision-03/after/audit-results.json","P15 r03 audited;7 reproduced findings resolved; visual review pending. Historical r02 temporary acceptance preserved. Production/backend/native hardware unverified."
"P15","design/01_Main/BOARDS/02_NEW_BOARDS/13_he_thong_fixed.png","P15.S03","Không có quyền thực hiện","LEGACY_ADAPTED","IN_PROGRESS","PASS","BLOCKED","handoff/P15/REPORT.md; handoff/P15/evidence/revision-01/P15-S03.png; handoff/P15/evidence/revision-01/browser-results.json; handoff/P15/evidence/revision-01/edge-results.json; handoff/P15/REVISION_02.md; handoff/P15/evidence/revision-02/ux-results.json; handoff/P15/USER_ACCEPTANCE_2026-09-29.md; handoff/P15/REVISION_03.md; handoff/P15/evidence/revision-03/after/audit-results.json","P15 r03 audited;7 reproduced findings resolved; visual review pending. Historical r02 temporary acceptance preserved. Production/backend/native hardware unverified."
"P15","design/01_Main/BOARDS/02_NEW_BOARDS/13_he_thong_fixed.png","P15.S04","Quyền thiết bị Camera và NFC","LEGACY_ADAPTED","IN_PROGRESS","PASS","BLOCKED","handoff/P15/REPORT.md; handoff/P15/evidence/revision-01/P15-S04.png; handoff/P15/evidence/revision-01/browser-results.json; handoff/P15/evidence/revision-01/edge-results.json; handoff/P15/REVISION_02.md; handoff/P15/evidence/revision-02/ux-results.json; handoff/P15/USER_ACCEPTANCE_2026-09-29.md; handoff/P15/REVISION_03.md; handoff/P15/evidence/revision-03/after/audit-results.json","P15 r03 audited;7 reproduced findings resolved; visual review pending. Historical r02 temporary acceptance preserved. Production/backend/native hardware unverified."
"P16","design/01_Main/BOARDS/02_NEW_BOARDS/14_du_lieu_quyet_loi_fixed.png","P16.S01","Đang tải chứng từ","LEGACY_ADAPTED","IN_PROGRESS","PASS","BLOCKED","handoff/P16/REPORT.md; handoff/P16/STATE_ACCEPTANCE.csv; handoff/P16/REVIEW.html; handoff/P16/evidence/revision-01/browser-results.json; handoff/P16/evidence/revision-01/reads/results.json; handoff/P16/REVISION_02.md; handoff/P16/evidence/revision-02/ux-results.json; handoff/P16/RECHECK_AFTER_P17.md; handoff/P16/evidence/recheck-after-p17; handoff/P17/REVISION_02.md; handoff/P17/evidence/revision-02; handoff/P16/REVISION_03.md; handoff/P16/evidence/revision-03/audit-results.json; handoff/P17/REVISION_03.md; handoff/P17/evidence/revision-03","r03 focus/long query fixes verified in prototype. Visual review pending; production unverified. Startup transport latency reported separately; current P17 behavior regression passed."
"P16","design/01_Main/BOARDS/02_NEW_BOARDS/14_du_lieu_quyet_loi_fixed.png","P16.S02","Chưa có chứng từ","LEGACY_ADAPTED","IN_PROGRESS","PASS","BLOCKED","handoff/P16/REPORT.md; handoff/P16/STATE_ACCEPTANCE.csv; handoff/P16/REVIEW.html; handoff/P16/evidence/revision-01/browser-results.json; handoff/P16/evidence/revision-01/reads/results.json; handoff/P16/REVISION_02.md; handoff/P16/evidence/revision-02/ux-results.json; handoff/P16/RECHECK_AFTER_P17.md; handoff/P16/evidence/recheck-after-p17; handoff/P17/REVISION_02.md; handoff/P17/evidence/revision-02; handoff/P16/REVISION_03.md; handoff/P16/evidence/revision-03/audit-results.json; handoff/P17/REVISION_03.md; handoff/P17/evidence/revision-03","r03 focus/long query fixes verified in prototype. Visual review pending; production unverified. Startup transport latency reported separately; current P17 behavior regression passed."
"P16","design/01_Main/BOARDS/02_NEW_BOARDS/14_du_lieu_quyet_loi_fixed.png","P16.S03","Không tìm thấy kết quả","LEGACY_ADAPTED","IN_PROGRESS","PASS","BLOCKED","handoff/P16/REPORT.md; handoff/P16/STATE_ACCEPTANCE.csv; handoff/P16/REVIEW.html; handoff/P16/evidence/revision-01/browser-results.json; handoff/P16/evidence/revision-01/reads/results.json; handoff/P16/REVISION_02.md; handoff/P16/evidence/revision-02/ux-results.json; handoff/P16/RECHECK_AFTER_P17.md; handoff/P16/evidence/recheck-after-p17; handoff/P17/REVISION_02.md; handoff/P17/evidence/revision-02; handoff/P16/REVISION_03.md; handoff/P16/evidence/revision-03/audit-results.json; handoff/P17/REVISION_03.md; handoff/P17/evidence/revision-03","r03 focus/long query fixes verified in prototype. Visual review pending; production unverified. Startup transport latency reported separately; current P17 behavior regression passed."
"P16","design/01_Main/BOARDS/02_NEW_BOARDS/14_du_lieu_quyet_loi_fixed.png","P16.S04","Không tải được dữ liệu","LEGACY_ADAPTED","IN_PROGRESS","PASS","BLOCKED","handoff/P16/REPORT.md; handoff/P16/STATE_ACCEPTANCE.csv; handoff/P16/REVIEW.html; handoff/P16/evidence/revision-01/browser-results.json; handoff/P16/evidence/revision-01/reads/results.json; handoff/P16/REVISION_02.md; handoff/P16/evidence/revision-02/ux-results.json; handoff/P16/RECHECK_AFTER_P17.md; handoff/P16/evidence/recheck-after-p17; handoff/P17/REVISION_02.md; handoff/P17/evidence/revision-02; handoff/P16/REVISION_03.md; handoff/P16/evidence/revision-03/audit-results.json; handoff/P17/REVISION_03.md; handoff/P17/evidence/revision-03","r03 focus/long query fixes verified in prototype. Visual review pending; production unverified. Startup transport latency reported separately; current P17 behavior regression passed."
"P17","design/01_Main/BOARDS/02_NEW_BOARDS/15_ngoai_le_quet_fixed.png","P17.S01","Ngoại lệ quét — panel 1 (tên chi tiết chờ P tương ứng)","LEGACY_ADAPTED","IN_PROGRESS","PASS","BLOCKED","handoff/P17/REPORT.md; handoff/P17/REVIEW.html; handoff/P17/evidence/revision-01; handoff/P17/REVISION_02.md; handoff/P17/evidence/revision-02; handoff/P17/RUN_STATE.json (user temporary acceptance2026-09-29); handoff/P17/REVISION_03.md; handoff/P17/evidence/revision-03","Visual user review pending; production status/record/permissions and camera/NFC unverified; fixture only P17 r02 user temporarily accepted2026-09-29; current visual scope only, further states may follow, production remains unverified."
"P17","design/01_Main/BOARDS/02_NEW_BOARDS/15_ngoai_le_quet_fixed.png","P17.S02","Mã không thể xuất","LEGACY_ADAPTED","IN_PROGRESS","PASS","BLOCKED","handoff/P17/REPORT.md; handoff/P17/REVIEW.html; handoff/P17/evidence/revision-01; handoff/P17/REVISION_02.md; handoff/P17/evidence/revision-02; handoff/P17/RUN_STATE.json (user temporary acceptance2026-09-29); handoff/P17/REVISION_03.md; handoff/P17/evidence/revision-03","Visual user review pending; production status/record/permissions and camera/NFC unverified; fixture only P17 r02 user temporarily accepted2026-09-29; current visual scope only, further states may follow, production remains unverified."
"P17","design/01_Main/BOARDS/02_NEW_BOARDS/15_ngoai_le_quet_fixed.png","P17.S03","Ngoại lệ quét — panel 3 (tên chi tiết chờ P tương ứng)","LEGACY_ADAPTED","IN_PROGRESS","PASS","BLOCKED","handoff/P17/REPORT.md; handoff/P17/REVIEW.html; handoff/P17/evidence/revision-01; handoff/P17/REVISION_02.md; handoff/P17/evidence/revision-02; handoff/P17/RUN_STATE.json (user temporary acceptance2026-09-29); handoff/P17/REVISION_03.md; handoff/P17/evidence/revision-03","Visual user review pending; production status/record/permissions and camera/NFC unverified; fixture only P17 r02 user temporarily accepted2026-09-29; current visual scope only, further states may follow, production remains unverified."
"P17","design/01_Main/BOARDS/02_NEW_BOARDS/15_ngoai_le_quet_fixed.png","P17.S04","Ngoại lệ quét — panel 4 (tên chi tiết chờ P tương ứng)","LEGACY_ADAPTED","IN_PROGRESS","PASS","BLOCKED","handoff/P17/REPORT.md; handoff/P17/REVIEW.html; handoff/P17/evidence/revision-01; handoff/P17/REVISION_02.md; handoff/P17/evidence/revision-02; handoff/P17/RUN_STATE.json (user temporary acceptance2026-09-29); handoff/P17/REVISION_03.md; handoff/P17/evidence/revision-03","Visual user review pending; production status/record/permissions and camera/NFC unverified; fixture only P17 r02 user temporarily accepted2026-09-29; current visual scope only, further states may follow, production remains unverified."
"P18","design/01_Main/BOARDS/02_NEW_BOARDS/16_dinh_kem_ban_giao_fixed.png","P18.S01","Đính kèm bàn giao — panel 1 (tên chi tiết chờ P tương ứng)","LEGACY_ADAPTED","IN_PROGRESS","PASS","BLOCKED","handoff/P18/REPORT.md; handoff/P18/REVIEW.html; handoff/P18/evidence/revision-01/P18-S01-494x950.png; handoff/P18/evidence/revision-01/browser-results.json; handoff/P18/evidence/revision-01/edges/results.json; handoff/P18/REVISION_02.md; handoff/P18/REVIEW_02.html; handoff/P18/evidence/revision-02/ux-results.json; handoff/P18/REVISION_03.md; handoff/P18/REVIEW_03.html; handoff/P18/evidence/revision-03/SUMMARY.json; handoff/P18/TEMPORARY_ACCEPTANCE_2026-09-29.md","P18 r03: 11 reproduced UI/data-display defects fixed; 85 logic tests and34 regression groups passed. Visual still awaits user review; production upload/handoff/location policy/schema/adapters blocked. Fixture is not production evidence. User temporarily accepted r03 on2026-09-29; synchronized extra states deferred. Production status unchanged."
"P18","design/01_Main/BOARDS/02_NEW_BOARDS/16_dinh_kem_ban_giao_fixed.png","P18.S02","Đính kèm bàn giao — panel 2 (tên chi tiết chờ P tương ứng)","LEGACY_ADAPTED","IN_PROGRESS","PASS","BLOCKED","handoff/P18/REPORT.md; handoff/P18/REVIEW.html; handoff/P18/evidence/revision-01/P18-S02-494x950.png; handoff/P18/evidence/revision-01/browser-results.json; handoff/P18/evidence/revision-01/edges/results.json; handoff/P18/REVISION_02.md; handoff/P18/REVIEW_02.html; handoff/P18/evidence/revision-02/ux-results.json; handoff/P18/REVISION_03.md; handoff/P18/REVIEW_03.html; handoff/P18/evidence/revision-03/SUMMARY.json; handoff/P18/TEMPORARY_ACCEPTANCE_2026-09-29.md","P18 r03: 11 reproduced UI/data-display defects fixed; 85 logic tests and34 regression groups passed. Visual still awaits user review; production upload/handoff/location policy/schema/adapters blocked. Fixture is not production evidence. User temporarily accepted r03 on2026-09-29; synchronized extra states deferred. Production status unchanged."
"P18","design/01_Main/BOARDS/02_NEW_BOARDS/16_dinh_kem_ban_giao_fixed.png","P18.S03","Đính kèm bàn giao — panel 3 (tên chi tiết chờ P tương ứng)","MIGRATED","IN_PROGRESS","PASS","BLOCKED","handoff/P18/REPORT.md; handoff/P18/REVIEW.html; handoff/P18/evidence/revision-01/P18-S03-494x950.png; handoff/P18/evidence/revision-01/browser-results.json; handoff/P18/evidence/revision-01/edges/results.json; handoff/P18/REVISION_02.md; handoff/P18/REVIEW_02.html; handoff/P18/evidence/revision-02/ux-results.json; handoff/P18/REVISION_03.md; handoff/P18/REVIEW_03.html; handoff/P18/evidence/revision-03/SUMMARY.json; handoff/P18/TEMPORARY_ACCEPTANCE_2026-09-29.md","P18 r03: 11 reproduced UI/data-display defects fixed; 85 logic tests and34 regression groups passed. Visual still awaits user review; production upload/handoff/location policy/schema/adapters blocked. Fixture is not production evidence. User temporarily accepted r03 on2026-09-29; synchronized extra states deferred. Production status unchanged."
"P18","design/01_Main/BOARDS/02_NEW_BOARDS/16_dinh_kem_ban_giao_fixed.png","P18.S04","Đính kèm bàn giao — panel 4 (tên chi tiết chờ P tương ứng)","MIGRATED","IN_PROGRESS","PASS","BLOCKED","handoff/P18/REPORT.md; handoff/P18/REVIEW.html; handoff/P18/evidence/revision-01/P18-S04-494x950.png; handoff/P18/evidence/revision-01/browser-results.json; handoff/P18/evidence/revision-01/edges/results.json; handoff/P18/REVISION_02.md; handoff/P18/REVIEW_02.html; handoff/P18/evidence/revision-02/ux-results.json; handoff/P18/REVISION_03.md; handoff/P18/REVIEW_03.html; handoff/P18/evidence/revision-03/SUMMARY.json; handoff/P18/TEMPORARY_ACCEPTANCE_2026-09-29.md","P18 r03: 11 reproduced UI/data-display defects fixed; 85 logic tests and34 regression groups passed. Visual still awaits user review; production upload/handoff/location policy/schema/adapters blocked. Fixture is not production evidence. User temporarily accepted r03 on2026-09-29; synchronized extra states deferred. Production status unchanged."
"P19","design/01_Main/BOARDS/02_NEW_BOARDS/17_xuat_linh_kien_bao_hanh.png","P19.S01","17 · Xuất linh kiện bảo hành — panel 1 (tên chi tiết chờ P tương ứng)","CURRENT","PASS","PASS","BLOCKED","handoff/P19/REPORT.md; handoff/P19/STATE_ACCEPTANCE.csv; handoff/P19/evidence/revision-01; handoff/P19/REVISION_02.md; handoff/P19/evidence/revision-02; handoff/P19/REVISION_03.md; handoff/P19/evidence/revision-03; handoff/P20/DESIGN_TRACE.md (user temporarily accepts P19 r03)","User temporarily accepted P19 r03 in P20 request2026-09-29; additional states deferred. Production Post/status/stock/camera unverified; P20 preview dependency implemented; P21/P24 pending."
"P19","design/01_Main/BOARDS/02_NEW_BOARDS/17_xuat_linh_kien_bao_hanh.png","P19.S02","17 · Xuất linh kiện bảo hành — panel 2 (tên chi tiết chờ P tương ứng)","CURRENT","PASS","PASS","BLOCKED","handoff/P19/REPORT.md; handoff/P19/STATE_ACCEPTANCE.csv; handoff/P19/evidence/revision-01; handoff/P19/REVISION_02.md; handoff/P19/evidence/revision-02; handoff/P19/REVISION_03.md; handoff/P19/evidence/revision-03; handoff/P20/DESIGN_TRACE.md (user temporarily accepts P19 r03)","User temporarily accepted P19 r03 in P20 request2026-09-29; additional states deferred. Production Post/status/stock/camera unverified; P20 preview dependency implemented; P21/P24 pending."
"P19","design/01_Main/BOARDS/02_NEW_BOARDS/17_xuat_linh_kien_bao_hanh.png","P19.S03","17 · Xuất linh kiện bảo hành — panel 3 (tên chi tiết chờ P tương ứng)","CURRENT","PASS","PASS","BLOCKED","handoff/P19/REPORT.md; handoff/P19/STATE_ACCEPTANCE.csv; handoff/P19/evidence/revision-01; handoff/P19/REVISION_02.md; handoff/P19/evidence/revision-02; handoff/P19/REVISION_03.md; handoff/P19/evidence/revision-03; handoff/P20/DESIGN_TRACE.md (user temporarily accepts P19 r03)","User temporarily accepted P19 r03 in P20 request2026-09-29; additional states deferred. Production Post/status/stock/camera unverified; P20 preview dependency implemented; P21/P24 pending."
"P19","design/01_Main/BOARDS/02_NEW_BOARDS/17_xuat_linh_kien_bao_hanh.png","P19.S04","17 · Xuất linh kiện bảo hành — panel 4 (tên chi tiết chờ P tương ứng)","CURRENT","PASS","PASS","BLOCKED","handoff/P19/REPORT.md; handoff/P19/STATE_ACCEPTANCE.csv; handoff/P19/evidence/revision-01; handoff/P19/REVISION_02.md; handoff/P19/evidence/revision-02; handoff/P19/REVISION_03.md; handoff/P19/evidence/revision-03; handoff/P20/DESIGN_TRACE.md (user temporarily accepts P19 r03)","User temporarily accepted P19 r03 in P20 request2026-09-29; additional states deferred. Production Post/status/stock/camera unverified; P20 preview dependency implemented; P21/P24 pending."
"P20","design/01_Main/BOARDS/02_NEW_BOARDS/18_lich_su_linh_kien.png","P20.S01","Phiếu linh kiện đã xuất","CURRENT","PASS","PASS","BLOCKED","handoff/P20/REPORT.md; handoff/P20/STATE_ACCEPTANCE.csv; handoff/P20/evidence/revision-01/after/P20-S01-494x950.png; handoff/P20/evidence/revision-01; handoff/P20/REVISION_02.md; handoff/P20/evidence/revision-02; handoff/P20/REVISION_03.md; handoff/P20/evidence/revision-03; handoff/P21/DESIGN_TRACE.md (user temporary acceptance P20 r03)","User temporarily accepted P20 r03 in P21 request2026-09-29; additional synchronized states deferred. Production pagination/scope/API and hardware unverified; page memory only."
"P20","design/01_Main/BOARDS/02_NEW_BOARDS/18_lich_su_linh_kien.png","P20.S02","Tải thêm lịch sử","CURRENT","PASS","PASS","BLOCKED","handoff/P20/REPORT.md; handoff/P20/STATE_ACCEPTANCE.csv; handoff/P20/evidence/revision-01/after/P20-S02-494x950.png; handoff/P20/evidence/revision-01; handoff/P20/REVISION_02.md; handoff/P20/evidence/revision-02; handoff/P20/REVISION_03.md; handoff/P20/evidence/revision-03; handoff/P21/DESIGN_TRACE.md (user temporary acceptance P20 r03)","User temporarily accepted P20 r03 in P21 request2026-09-29; additional synchronized states deferred. Production pagination/scope/API and hardware unverified; page memory only."
"P20","design/01_Main/BOARDS/02_NEW_BOARDS/18_lich_su_linh_kien.png","P20.S03","Lỗi tải lịch sử","CURRENT","PASS","PASS","BLOCKED","handoff/P20/REPORT.md; handoff/P20/STATE_ACCEPTANCE.csv; handoff/P20/evidence/revision-01/after/P20-S03-494x950.png; handoff/P20/evidence/revision-01; handoff/P20/REVISION_02.md; handoff/P20/evidence/revision-02; handoff/P20/REVISION_03.md; handoff/P20/evidence/revision-03; handoff/P21/DESIGN_TRACE.md (user temporary acceptance P20 r03)","User temporarily accepted P20 r03 in P21 request2026-09-29; additional synchronized states deferred. Production pagination/scope/API and hardware unverified; page memory only."
"P20","design/01_Main/BOARDS/02_NEW_BOARDS/18_lich_su_linh_kien.png","P20.S04","Chưa có phiếu xuất","CURRENT","PASS","PASS","BLOCKED","handoff/P20/REPORT.md; handoff/P20/STATE_ACCEPTANCE.csv; handoff/P20/evidence/revision-01/after/P20-S04-494x950.png; handoff/P20/evidence/revision-01; handoff/P20/REVISION_02.md; handoff/P20/evidence/revision-02; handoff/P20/REVISION_03.md; handoff/P20/evidence/revision-03; handoff/P21/DESIGN_TRACE.md (user temporary acceptance P20 r03)","User temporarily accepted P20 r03 in P21 request2026-09-29; additional synchronized states deferred. Production pagination/scope/API and hardware unverified; page memory only."
"P21","design/01_Main/BOARDS/02_NEW_BOARDS/19_tiep_tuc_phieu_linh_kien.png","P21.S01","Phiếu đang thực hiện","CURRENT","PASS","PASS","BLOCKED","handoff/P21/TEMPORARY_ACCEPTANCE.md; handoff/P21/REPORT.md; handoff/P21/STATE_ACCEPTANCE.csv; handoff/P21/evidence/revision-01; handoff/P21/REVISION_02.md; handoff/P21/evidence/revision-02; handoff/P21/REVISION_03.md; handoff/P21/evidence/revision-03","P21 r03 UI/UX audit: 14 reproduced cases fixed; 160 logic tests and 40 browser groups passed; visual temporarily accepted by user2026-09-30; future sync states deferred. Behavior PASS prototype. Production checkpoint/status/retention and hardware unverified; reload/logout loses page memory."
"P21","design/01_Main/BOARDS/02_NEW_BOARDS/19_tiep_tuc_phieu_linh_kien.png","P21.S02","Tiếp tục đúng phiếu","CURRENT","PASS","PASS","BLOCKED","handoff/P21/TEMPORARY_ACCEPTANCE.md; handoff/P21/REPORT.md; handoff/P21/STATE_ACCEPTANCE.csv; handoff/P21/evidence/revision-01; handoff/P21/REVISION_02.md; handoff/P21/evidence/revision-02; handoff/P21/REVISION_03.md; handoff/P21/evidence/revision-03","P21 r03 UI/UX audit: 14 reproduced cases fixed; 160 logic tests and 40 browser groups passed; visual temporarily accepted by user2026-09-30; future sync states deferred. Behavior PASS prototype. Production checkpoint/status/retention and hardware unverified; reload/logout loses page memory."
"P21","design/01_Main/BOARDS/02_NEW_BOARDS/19_tiep_tuc_phieu_linh_kien.png","P21.S03","Cần đối chiếu trên Web","CURRENT","PASS","PASS","BLOCKED","handoff/P21/TEMPORARY_ACCEPTANCE.md; handoff/P21/REPORT.md; handoff/P21/STATE_ACCEPTANCE.csv; handoff/P21/evidence/revision-01; handoff/P21/REVISION_02.md; handoff/P21/evidence/revision-02; handoff/P21/REVISION_03.md; handoff/P21/evidence/revision-03","P21 r03 UI/UX audit: 14 reproduced cases fixed; 160 logic tests and 40 browser groups passed; visual temporarily accepted by user2026-09-30; future sync states deferred. Behavior PASS prototype. Production checkpoint/status/retention and hardware unverified; reload/logout loses page memory."
"P21","design/01_Main/BOARDS/02_NEW_BOARDS/19_tiep_tuc_phieu_linh_kien.png","P21.S04","Kiểm tra kết quả xuất","CURRENT","PASS","PASS","BLOCKED","handoff/P21/TEMPORARY_ACCEPTANCE.md; handoff/P21/REPORT.md; handoff/P21/STATE_ACCEPTANCE.csv; handoff/P21/evidence/revision-01; handoff/P21/REVISION_02.md; handoff/P21/evidence/revision-02; handoff/P21/REVISION_03.md; handoff/P21/evidence/revision-03","P21 r03 UI/UX audit: 14 reproduced cases fixed; 160 logic tests and 40 browser groups passed; visual temporarily accepted by user2026-09-30; future sync states deferred. Behavior PASS prototype. Production checkpoint/status/retention and hardware unverified; reload/logout loses page memory."
"P22","design/01_Main/BOARDS/02_NEW_BOARDS/20_lich_su_thao_tac_nfc.png","P22.S01","Lịch sử thao tác","MIGRATED","PASS","PASS","BLOCKED","handoff/P22/TEMPORARY_ACCEPTANCE.md; handoff/P22/REVISION_03.md; handoff/P22/evidence/revision-03; handoff/P22/REVISION_02.md; handoff/P22/evidence/revision-02; handoff/P22/REPORT.md; handoff/P22/STATE_ACCEPTANCE.csv; handoff/P22/evidence/revision-01","P22 r03 temporarily accepted by user2026-09-30; future synchronization states deferred;90 logic/43 browser groups;40 layout/4 footer. Event source and mapping production BLOCKED."
"P22","design/01_Main/BOARDS/02_NEW_BOARDS/20_lich_su_thao_tac_nfc.png","P22.S02","Lịch sử NFC","CURRENT","PASS","PASS","BLOCKED","handoff/P22/TEMPORARY_ACCEPTANCE.md; handoff/P22/REVISION_03.md; handoff/P22/evidence/revision-03; handoff/P22/REVISION_02.md; handoff/P22/evidence/revision-02; handoff/P22/REPORT.md; handoff/P22/STATE_ACCEPTANCE.csv; handoff/P22/evidence/revision-01","P22 r03 temporarily accepted by user2026-09-30; future synchronization states deferred;90 logic/43 browser groups;40 layout/4 footer. Event source and mapping production BLOCKED."
"P22","design/01_Main/BOARDS/02_NEW_BOARDS/20_lich_su_thao_tac_nfc.png","P22.S03","Chi tiết thao tác NFC","CURRENT","PASS","PASS","BLOCKED","handoff/P22/TEMPORARY_ACCEPTANCE.md; handoff/P22/REVISION_03.md; handoff/P22/evidence/revision-03; handoff/P22/REVISION_02.md; handoff/P22/evidence/revision-02; handoff/P22/REPORT.md; handoff/P22/STATE_ACCEPTANCE.csv; handoff/P22/evidence/revision-01","P22 r03 temporarily accepted by user2026-09-30; future synchronization states deferred;90 logic/43 browser groups;40 layout/4 footer. Event source and mapping production BLOCKED."
"P22","design/01_Main/BOARDS/02_NEW_BOARDS/20_lich_su_thao_tac_nfc.png","P22.S04","Nguồn lịch sử chưa khả dụng","CURRENT","PASS","PASS","BLOCKED","handoff/P22/TEMPORARY_ACCEPTANCE.md; handoff/P22/REVISION_03.md; handoff/P22/evidence/revision-03; handoff/P22/REVISION_02.md; handoff/P22/evidence/revision-02; handoff/P22/REPORT.md; handoff/P22/STATE_ACCEPTANCE.csv; handoff/P22/evidence/revision-01","P22 r03 temporarily accepted by user2026-09-30; future synchronization states deferred;90 logic/43 browser groups;40 layout/4 footer. Event source and mapping production BLOCKED."
"P23","design/01_Main/BOARDS/02_NEW_BOARDS/21_lich_su_bao_hanh_phien_quet.png","P23.S01","Lịch sử bảo hành","CURRENT","IN_PROGRESS","PASS","BLOCKED","handoff/P23/REPORT.md; handoff/P23/STATE_ACCEPTANCE.csv; handoff/P23/evidence/revision-01; handoff/P23/REVISION_02.md; handoff/P23/REVIEW_02.html; handoff/P23/evidence/revision-02","P23 r02 six UX upgrades; visual awaiting user review; 141 logic and 49 browser groups incl regression; 40 layout combinations and 4 footer viewports; production schema/events/permissions unverified. Preview memory only."
"P23","design/01_Main/BOARDS/02_NEW_BOARDS/21_lich_su_bao_hanh_phien_quet.png","P23.S02","Quá trình xử lý hồ sơ","CURRENT","IN_PROGRESS","PASS","BLOCKED","handoff/P23/REPORT.md; handoff/P23/STATE_ACCEPTANCE.csv; handoff/P23/evidence/revision-01; handoff/P23/REVISION_02.md; handoff/P23/REVIEW_02.html; handoff/P23/evidence/revision-02","P23 r02 six UX upgrades; visual awaiting user review; 141 logic and 49 browser groups incl regression; 40 layout combinations and 4 footer viewports; production schema/events/permissions unverified. Preview memory only."
"P23","design/01_Main/BOARDS/02_NEW_BOARDS/21_lich_su_bao_hanh_phien_quet.png","P23.S03","Lịch sử phiên quét","CURRENT","IN_PROGRESS","PASS","BLOCKED","handoff/P23/REPORT.md; handoff/P23/STATE_ACCEPTANCE.csv; handoff/P23/evidence/revision-01; handoff/P23/REVISION_02.md; handoff/P23/REVIEW_02.html; handoff/P23/evidence/revision-02","P23 r02 six UX upgrades; visual awaiting user review; 141 logic and 49 browser groups incl regression; 40 layout combinations and 4 footer viewports; production schema/events/permissions unverified. Preview memory only."
"P23","design/01_Main/BOARDS/02_NEW_BOARDS/21_lich_su_bao_hanh_phien_quet.png","P23.S04","Chi tiết phiên quét","CURRENT","IN_PROGRESS","PASS","BLOCKED","handoff/P23/REPORT.md; handoff/P23/STATE_ACCEPTANCE.csv; handoff/P23/evidence/revision-01; handoff/P23/REVISION_02.md; handoff/P23/REVIEW_02.html; handoff/P23/evidence/revision-02","P23 r02 six UX upgrades; visual awaiting user review; 141 logic and 49 browser groups incl regression; 40 layout combinations and 4 footer viewports; production schema/events/permissions unverified. Preview memory only."
"P24","design/01_Main/BOARDS/02_NEW_BOARDS/22_trang_thai_scanner.png","P24.S01","22 · Trạng thái Scanner — panel 1 (tên chi tiết chờ P tương ứng)","CURRENT","NOT_STARTED","NOT_STARTED","NOT_STARTED","",""
"P24","design/01_Main/BOARDS/02_NEW_BOARDS/22_trang_thai_scanner.png","P24.S02","22 · Trạng thái Scanner — panel 2 (tên chi tiết chờ P tương ứng)","CURRENT","NOT_STARTED","NOT_STARTED","NOT_STARTED","",""
"P24","design/01_Main/BOARDS/02_NEW_BOARDS/22_trang_thai_scanner.png","P24.S03","22 · Trạng thái Scanner — panel 3 (tên chi tiết chờ P tương ứng)","CURRENT","NOT_STARTED","NOT_STARTED","NOT_STARTED","",""
"P24","design/01_Main/BOARDS/02_NEW_BOARDS/22_trang_thai_scanner.png","P24.S04","22 · Trạng thái Scanner — panel 4 (tên chi tiết chờ P tương ứng)","CURRENT","NOT_STARTED","NOT_STARTED","NOT_STARTED","",""
